countyName,device_count,distance_traveled_from_home,completely_home_device_count,median_home_dwell_time,part_time_work_behavior_devices,full_time_work_behavior_devices,stateFIPS,countyFIPS,Admin2,FIPS,Lat,Long_,Confirmed,Deaths,Recovered,Active,CTYNAME,SUMLEV,STATE,COUNTY,YEAR,AGEGRP,TOT_POP,TOT_MALE,TOT_FEMALE,WA_MALE,WA_FEMALE,BA_MALE,BA_FEMALE,IA_MALE,IA_FEMALE,AA_MALE,AA_FEMALE,NA_MALE,NA_FEMALE,TOM_MALE,TOM_FEMALE,WAC_MALE,WAC_FEMALE,BAC_MALE,BAC_FEMALE,IAC_MALE,IAC_FEMALE,AAC_MALE,AAC_FEMALE,NAC_MALE,NAC_FEMALE,NH_MALE,NH_FEMALE,NHWA_MALE,NHWA_FEMALE,NHBA_MALE,NHBA_FEMALE,NHIA_MALE,NHIA_FEMALE,NHAA_MALE,NHAA_FEMALE,NHNA_MALE,NHNA_FEMALE,NHTOM_MALE,NHTOM_FEMALE,NHWAC_MALE,NHWAC_FEMALE,NHBAC_MALE,NHBAC_FEMALE,NHIAC_MALE,NHIAC_FEMALE,NHAAC_MALE,NHAAC_FEMALE,NHNAC_MALE,NHNAC_FEMALE,H_MALE,H_FEMALE,HWA_MALE,HWA_FEMALE,HBA_MALE,HBA_FEMALE,HIA_MALE,HIA_FEMALE,HAA_MALE,HAA_FEMALE,HNA_MALE,HNA_FEMALE,HTOM_MALE,HTOM_FEMALE,HWAC_MALE,HWAC_FEMALE,HBAC_MALE,HBAC_FEMALE,HIAC_MALE,HIAC_FEMALE,HAAC_MALE,HAAC_FEMALE,HNAC_MALE,HNAC_FEMALE
Adams,118.44731869380496,7134.031234561802,50.6722100088924,764.1276244936271,6.43936493429503,16.85099669005039,8.0,8001.0,Adams,8001.0,39.87432091999998,-104.33625780000004,1020.5,42.27777777777778,0.0,978.2222222222222,Adams,50.0,8.0,1.0,6.0,9.0,49718.382775119615,25029.885167464116,24688.497607655503,21790.88995215311,21489.57894736842,965.6746411483253,847.7129186602871,546.88995215311,526.4019138755981,963.3492822966507,1050.8516746411483,52.995215311004785,51.74162679425837,710.0861244019138,722.2105263157895,22439.464114832535,22152.392344497606,1219.0526315789473,1098.8325358851675,863.9043062200957,858.4497607655502,1186.488038277512,1275.4832535885168,96.77511961722487,95.377990430622,15137.09090909091,15213.77033492823,12840.401913875598,12941.492822966507,791.8373205741627,677.8086124401914,141.47368421052633,146.1818181818182,891.9712918660288,974.7081339712919,30.28708133971292,31.138755980861244,441.11961722488036,442.4401913875598,13245.617224880383,13349.875598086124,972.6507177033493,857.0909090909091,265.7607655502392,275.2535885167464,1067.9808612440193,1149.9234449760766,57.74162679425837,57.942583732057415,9892.794258373206,9474.727272727272,8950.488038277512,8548.086124401914,173.83732057416267,169.9043062200957,405.4162679425837,380.2200956937799,71.377990430622,76.14354066985646,22.708133971291865,20.60287081339713,268.9665071770335,279.77033492822966,9193.846889952154,8802.516746411484,246.4019138755981,241.74162679425837,598.1435406698564,583.1961722488038,118.50717703349282,125.5598086124402,39.03349282296651,37.43540669856459
Alamosa,46.24890729238555,6500.021969174143,15.688750862663905,520.7691511387163,3.6037497124453646,8.151943869335174,8.0,8003.0,Alamosa,8003.0,37.57250606000001,-105.78854509999998,8.333333333333334,2.0,0.0,6.333333333333333,Alamosa,50.0,8.0,3.0,6.0,9.0,1698.1626794258373,852.0574162679426,846.1052631578947,748.2296650717703,751.8468899521531,17.971291866028707,11.665071770334928,46.057416267942585,42.92822966507177,11.511961722488039,13.263157894736842,1.5502392344497609,2.6315789473684212,26.736842105263158,23.770334928229666,772.622009569378,774.2200956937799,26.61244019138756,17.818181818181817,59.933014354066984,55.952153110047846,17.66507177033493,18.555023923444978,2.9952153110047846,4.258373205741627,461.4354066985646,458.8708133971292,417.09090909090907,420.2200956937799,13.148325358851675,5.827751196172249,9.569377990430622,10.086124401913876,6.755980861244019,8.813397129186603,0.631578947368421,0.4019138755980861,14.239234449760765,13.52153110047847,429.49282296650716,432.8421052631579,18.736842105263158,10.239234449760765,15.358851674641148,15.894736842105264,11.138755980861244,12.296650717703349,1.7607655502392345,1.645933014354067,390.622009569378,387.23444976076553,331.1387559808612,331.6267942583732,4.822966507177034,5.837320574162679,36.48803827751196,32.8421052631579,4.755980861244019,4.44976076555024,0.9186602870813397,2.229665071770335,12.497607655502392,10.248803827751196,343.1291866028708,341.377990430622,7.875598086124402,7.578947368421052,44.57416267942584,40.057416267942585,6.526315789473684,6.258373205741627,1.2344497607655502,2.61244019138756
Arapahoe,83.41363429783367,6138.017356677559,39.415356980544075,875.3280282208324,3.859726881208475,11.339039539463718,8.0,8005.0,Arapahoe,8005.0,39.64977461,-104.3353617,1671.2777777777778,83.94444444444444,0.0,1587.3333333333333,Arapahoe,50.0,8.0,5.0,6.0,9.0,64044.44019138756,31517.51196172249,32526.92822966507,24739.301435406698,25390.047846889953,3501.0717703349283,3505.5885167464116,350.29665071770336,356.39234449760767,1685.7224880382776,1991.4354066985645,81.2822966507177,82.19138755980862,1159.8373205741627,1201.2727272727273,25764.641148325358,26455.291866028707,4095.004784688995,4115.148325358851,684.6794258373205,718.3732057416267,2102.6985645933014,2419.0717703349283,152.9377990430622,156.5071770334928,25451.473684210527,26568.71770334928,19478.765550239234,20253.444976076556,3252.4497607655503,3225.885167464115,128.1531100478469,144.0287081339713,1621.2153110047848,1932.3062200956938,62.38277511961722,65.08133971291866,908.5071770334928,947.9712918660288,20282.22966507177,21092.842105263157,3727.043062200957,3720.306220095694,343.6937799043062,381.52153110047846,1974.4497607655503,2296.650717703349,118.84210526315789,123.81818181818181,6066.0382775119615,5958.210526315789,5260.535885167464,5136.602870813397,248.62200956937798,279.70334928229664,222.14354066985646,212.36363636363637,64.50717703349282,59.12918660287081,18.89952153110048,17.11004784688995,251.33014354066987,253.30143540669857,5482.411483253589,5362.44976076555,367.9617224880383,394.8421052631579,340.9856459330144,336.85167464114835,128.2488038277512,122.42105263157895,34.09569377990431,32.688995215311
Archuleta,70.84606685096757,7792.149032420206,25.956144759989947,764.7356119628047,4.388539834129178,10.508293541090726,8.0,8007.0,Archuleta,8007.0,37.194741560000004,-107.0476867,7.111111111111111,0.0,0.0,7.111111111111111,Archuleta,50.0,8.0,7.0,6.0,9.0,1312.22009569378,660.3636363636364,651.8564593301436,616.3540669856459,603.6746411483253,4.162679425837321,2.1913875598086126,19.492822966507177,21.789473684210527,5.827751196172249,7.952153110047847,0.42105263157894735,0.7177033492822966,14.105263157894736,15.5311004784689,629.6459330143541,618.2488038277512,7.961722488038277,6.354066985645933,27.84688995215311,31.004784688995215,8.507177033492823,11.004784688995215,1.1196172248803828,1.5311004784688995,539.8468899521531,533.578947368421,512.4306220095693,503.7607655502392,3.5023923444976077,1.674641148325359,9.23444976076555,10.181818181818182,3.84688995215311,6.784688995215311,0.4019138755980861,0.3253588516746411,10.430622009569378,10.851674641148325,522.1722488038278,513.8086124401914,6.277511961722488,4.650717703349282,15.062200956937799,16.248803827751196,6.15311004784689,9.205741626794259,0.9952153110047847,0.9569377990430622,120.51674641148325,118.27751196172248,103.92344497607655,99.91387559808612,0.6602870813397129,0.5167464114832536,10.258373205741627,11.607655502392344,1.9808612440191387,1.167464114832536,0.019138755980861243,0.3923444976076555,3.674641148325359,4.679425837320574,107.47368421052632,104.4401913875598,1.6842105263157894,1.7033492822966507,12.78468899521531,14.75598086124402,2.354066985645933,1.799043062200957,0.12440191387559808,0.5741626794258373
Baca,53.686440677966104,2859.1790714812087,21.561901252763448,486.98526160648487,3.613485630066323,7.039793662490789,8.0,8009.0,Baca,8009.0,37.31940883000001,-102.56032230000004,10.0,0.0,0.0,10.0,Baca,50.0,8.0,9.0,6.0,9.0,386.1531100478469,192.01913875598086,194.13397129186603,182.28708133971293,184.94736842105263,1.7511961722488039,1.4066985645933014,3.5311004784688995,3.186602870813397,0.20095693779904306,0.8038277511961722,0.0,0.0,4.248803827751196,3.789473684210526,186.3732057416268,188.6315789473684,2.889952153110048,2.5167464114832536,6.009569377990431,5.3875598086124405,0.937799043062201,1.3397129186602872,0.18181818181818182,0.11483253588516747,171.00478468899522,176.73684210526315,163.9712918660287,170.08612440191388,1.215311004784689,1.1196172248803828,2.4688995215311005,2.0956937799043063,0.18181818181818182,0.8038277511961722,0.0,0.0,3.1674641148325358,2.6315789473684212,167.02392344497608,172.64114832535884,2.0861244019138754,1.9425837320574162,4.220095693779904,3.521531100478469,0.784688995215311,1.186602870813397,0.14354066985645933,0.09569377990430622,21.014354066985646,17.39712918660287,18.31578947368421,14.861244019138756,0.5358851674641149,0.28708133971291866,1.062200956937799,1.0909090909090908,0.019138755980861243,0.0,0.0,0.0,1.0813397129186604,1.1578947368421053,19.349282296650717,15.990430622009569,0.8038277511961722,0.5741626794258373,1.7894736842105263,1.8660287081339713,0.15311004784688995,0.15311004784688995,0.03827751196172249,0.019138755980861243
Boulder,56.398139785267816,29586.85356939917,25.229183240123216,785.1520949845979,2.5713431228878187,9.542775966743427,8.0,8013.0,Boulder,8013.0,40.09313619,-105.35467670000001,394.77777777777777,21.444444444444443,0.0,373.3333333333333,Boulder,50.0,8.0,13.0,6.0,9.0,32600.593301435405,16370.622009569379,16229.971291866028,14902.526315789473,14757.588516746411,197.1196172248804,147.44497607655504,139.9043062200957,132.39234449760767,710.7177033492823,773.1483253588517,13.980861244019138,10.392344497607656,406.3732057416268,409.0047846889952,15289.33971291866,15147.435406698565,291.98086124401914,241.85645933014354,263.70334928229664,261.9138755980861,923.3971291866029,984.1052631578947,35.301435406698566,31.818181818181817,14135.253588516747,14026.325358851675,12877.54066985646,12749.913875598086,163.2822966507177,116.04784688995215,59.38755980861244,62.72727272727273,692.688995215311,758.0095693779904,10.602870813397129,6.7368421052631575,331.7511961722488,332.8899521531101,13195.1004784689,13068.775119617225,242.26794258373207,194.7846889952153,141.1196172248804,149.14832535885168,881.933014354067,944.7942583732057,28.086124401913874,24.29665071770335,2235.3684210526317,2203.645933014354,2024.9856459330144,2007.6746411483255,33.83732057416268,31.39712918660287,80.51674641148325,69.66507177033493,18.028708133971293,15.138755980861244,3.3779904306220097,3.6555023923444976,74.622009569378,76.11483253588517,2094.2392344497607,2078.66028708134,49.71291866028708,47.07177033492823,122.58373205741627,112.76555023923444,41.464114832535884,39.311004784689,7.215311004784689,7.521531100478469
Broomfield,91.04263103169407,5453.110910001155,43.05399160472908,918.8573959255979,4.545577078599761,12.515731505372203,8.0,8014.0,Broomfield,8014.0,39.95998786999999,-105.05663239999996,110.38888888888889,3.5555555555555554,0.0,106.83333333333333,Broomfield,50.0,8.0,14.0,6.0,9.0,6460.8421052631575,3204.0095693779904,3256.8325358851675,2857.3301435406697,2888.8612440191387,45.377990430622006,38.985645933014354,27.636363636363637,22.784688995215312,192.26794258373207,218.7846889952153,3.2822966507177034,3.473684210526316,78.11483253588517,83.94258373205741,2930.6124401913876,2968.028708133971,62.985645933014354,57.55023923444976,51.32057416267943,49.09090909090909,233.27272727272728,262.3349282296651,7.4066985645933014,7.885167464114833,2823.1196172248806,2877.3684210526317,2514.6794258373207,2546.2583732057415,39.578947368421055,32.698564593301434,15.636363636363637,12.5933014354067,187.29186602870814,214.77511961722487,2.8038277511961724,3.110047846889952,63.12918660287081,67.93301435406698,2574.2392344497607,2610.650717703349,53.92344497607655,48.047846889952154,30.966507177033492,29.68421052631579,224.0,253.5023923444976,5.818181818181818,6.535885167464115,380.8899521531101,379.46411483253587,342.6507177033493,342.60287081339715,5.7990430622009566,6.287081339712919,12.0,10.191387559808613,4.976076555023924,4.009569377990431,0.4784688995215311,0.36363636363636365,14.985645933014354,16.00956937799043,356.3732057416268,357.377990430622,9.062200956937799,9.502392344497608,20.354066985645932,19.406698564593302,9.272727272727273,8.832535885167465,1.5885167464114833,1.3492822966507176
Chaffee,50.84432424935857,3223.176756119548,20.519242770959018,762.0248249081201,3.830524928923098,6.217113931072741,8.0,8015.0,Chaffee,8015.0,38.74745778,-106.19265730000001,46.27777777777778,6.944444444444445,0.0,39.333333333333336,Chaffee,50.0,8.0,15.0,6.0,9.0,1950.1148325358852,1037.2153110047848,912.8995215311005,969.0622009569378,876.3253588516747,29.779904306220097,2.248803827751196,15.770334928229666,12.545454545454545,6.583732057416268,7.69377990430622,1.0813397129186604,0.6794258373205742,14.937799043062201,13.4066985645933,983.2057416267943,888.9952153110048,33.0622009569378,5.244019138755981,24.641148325358852,20.679425837320576,9.760765550239235,10.430622009569378,1.799043062200957,1.3110047846889952,916.1818181818181,841.244019138756,858.3157894736842,815.7416267942584,28.870813397129186,1.4641148325358853,10.698564593301436,6.29665071770335,5.990430622009569,7.205741626794258,0.7464114832535885,0.42105263157894735,11.559808612440191,10.114832535885167,869.3301435406698,825.3205741626795,31.38755980861244,3.7033492822966507,17.320574162679424,12.095693779904305,8.688995215311005,9.559808612440191,1.2727272727272727,0.9282296650717703,121.03349282296651,71.6555023923445,110.7464114832536,60.58373205741627,0.9090909090909091,0.784688995215311,5.07177033492823,6.248803827751196,0.5933014354066986,0.4880382775119617,0.3349282296650718,0.2583732057416268,3.3779904306220097,3.291866028708134,113.8755980861244,63.67464114832536,1.674641148325359,1.5406698564593302,7.320574162679426,8.583732057416269,1.0717703349282297,0.8708133971291866,0.5263157894736842,0.3827751196172249
Clear Creek,63.95036231884058,10834.290942028985,28.72735507246377,792.0664855072464,3.1682971014492756,8.19891304347826,8.0,8019.0,Clear Creek,8019.0,39.68864463,-105.64631179999998,11.722222222222221,0.4444444444444444,0.0,11.277777777777779,Clear Creek,50.0,8.0,19.0,6.0,9.0,967.8564593301436,504.90909090909093,462.94736842105266,482.2200956937799,441.4354066985646,5.062200956937799,2.6411483253588517,5.435406698564593,5.3971291866028706,2.6985645933014353,4.937799043062201,0.4019138755980861,0.16267942583732056,9.090909090909092,8.373205741626794,490.82296650717706,449.42583732057415,7.4066985645933014,4.583732057416268,10.373205741626794,10.31578947368421,4.755980861244019,6.698564593301436,0.861244019138756,0.5645933014354066,475.0143540669856,437.09090909090907,456.4401913875598,419.92344497607655,4.535885167464115,2.1818181818181817,3.54066985645933,3.4832535885167464,2.583732057416268,4.91866028708134,0.3253588516746411,0.009569377990430622,7.588516746411483,6.574162679425838,463.58851674641147,426.1913875598086,6.574162679425838,3.751196172248804,7.3971291866028706,7.08133971291866,4.488038277511961,6.507177033492823,0.7559808612440191,0.2679425837320574,29.894736842105264,25.85645933014354,25.779904306220097,21.51196172248804,0.5263157894736842,0.45933014354066987,1.894736842105263,1.9138755980861244,0.11483253588516747,0.019138755980861243,0.07655502392344497,0.15311004784688995,1.5023923444976077,1.799043062200957,27.23444976076555,23.23444976076555,0.8325358851674641,0.8325358851674641,2.9760765550239237,3.2344497607655502,0.2679425837320574,0.19138755980861244,0.10526315789473684,0.2966507177033493
Costilla,24.83517196625568,11647.678131083712,9.582738481505515,438.2024659312135,1.482803374432187,3.0869565217391304,8.0,8023.0,Costilla,8023.0,37.27732492999999,-105.42765480000001,3.0,0.0,0.0,3.0,Costilla,50.0,8.0,23.0,6.0,9.0,380.8995215311005,197.19617224880383,183.70334928229664,174.86124401913875,163.79904306220095,3.84688995215311,2.8708133971291865,10.717703349282298,9.84688995215311,2.8038277511961724,2.1626794258373208,0.7272727272727273,0.5454545454545454,4.239234449760765,4.478468899521531,178.94736842105263,168.14354066985646,4.947368421052632,4.2105263157894735,13.416267942583731,12.679425837320574,3.416267942583732,2.6794258373205744,0.8421052631578947,0.631578947368421,70.76555023923444,65.29186602870813,63.24401913875598,58.57416267942584,0.8899521531100478,0.9473684210526315,2.248803827751196,1.9712918660287082,2.4688995215311005,1.7511961722488039,0.07655502392344497,0.06698564593301436,1.8373205741626795,1.9808612440191387,65.0622009569378,60.49760765550239,1.3205741626794258,1.5502392344497609,3.2344497607655502,3.1004784688995217,2.889952153110048,2.028708133971292,0.12440191387559808,0.11483253588516747,126.43062200956938,118.41148325358851,111.61722488038278,105.22488038277513,2.9569377990430623,1.923444976076555,8.4688995215311,7.875598086124402,0.3349282296650718,0.41148325358851673,0.6507177033492823,0.4784688995215311,2.401913875598086,2.4976076555023923,113.88516746411483,107.64593301435407,3.626794258373206,2.660287081339713,10.181818181818182,9.578947368421053,0.5263157894736842,0.6507177033492823,0.7177033492822966,0.5167464114832536
Crowley,60.48086956521739,14569.588695652174,22.321739130434782,428.6347826086957,3.1443478260869564,8.274782608695652,8.0,8025.0,Crowley,8025.0,38.32608609,-103.78449649999999,2.0,1.0,0.0,1.0,Crowley,50.0,8.0,25.0,6.0,9.0,596.5837320574162,428.63157894736844,167.95215311004785,345.92344497607655,155.2822966507177,57.13875598086124,1.2344497607655502,14.516746411483254,4.947368421052632,5.827751196172249,1.4736842105263157,0.028708133971291867,0.05741626794258373,5.196172248803828,4.956937799043062,350.9856459330144,160.1531100478469,58.66985645933014,2.4976076555023923,17.339712918660286,7.990430622009569,6.7272727272727275,2.1626794258373208,0.15311004784688995,0.14354066985645933,290.0287081339713,126.45933014354067,217.0909090909091,118.7464114832536,56.47846889952153,0.9569377990430622,7.636363636363637,1.6650717703349283,5.617224880382775,1.4736842105263157,0.028708133971291867,0.05741626794258373,3.1770334928229667,3.5598086124401913,220.17224880382776,122.26794258373205,57.50239234449761,1.9043062200956937,9.196172248803828,3.7320574162679425,6.229665071770335,2.0095693779904304,0.1339712918660287,0.11483253588516747,138.60287081339712,41.49282296650718,128.83253588516746,36.535885167464116,0.6602870813397129,0.27751196172248804,6.880382775119617,3.2822966507177034,0.21052631578947367,0.0,0.0,0.0,2.0191387559808613,1.3971291866028708,130.8133971291866,37.88516746411483,1.167464114832536,0.5933014354066986,8.14354066985646,4.258373205741627,0.49760765550239233,0.15311004784688995,0.019138755980861243,0.028708133971291867
Custer,53.7593921485859,8932.798227100042,23.33051920641621,692.0827353313634,2.770789362600253,7.092444069227522,8.0,8027.0,Custer,8027.0,38.10883162000001,-105.36834780000002,2.0,0.0,0.0,2.0,Custer,50.0,8.0,27.0,6.0,9.0,466.1244019138756,239.99043062200957,226.13397129186603,228.39234449760767,217.6937799043062,4.373205741626794,1.2057416267942584,2.5454545454545454,1.6650717703349283,0.6794258373205742,1.4736842105263157,0.019138755980861243,0.0,3.9808612440191387,4.095693779904306,232.2488038277512,221.68421052631578,5.23444976076555,2.1052631578947367,5.196172248803828,4.401913875598086,1.2248803827751196,2.0,0.11483253588516747,0.0861244019138756,225.51196172248802,216.6602870813397,215.60765550239233,209.7224880382775,4.172248803827751,0.9569377990430622,2.0382775119617227,1.0909090909090908,0.6794258373205742,1.4736842105263157,0.019138755980861243,0.0,2.9952153110047846,3.416267942583732,218.5358851674641,213.07177033492823,4.813397129186603,1.674641148325359,4.047846889952153,3.425837320574163,1.0430622009569377,1.894736842105263,0.10526315789473684,0.05741626794258373,14.47846889952153,9.473684210526315,12.78468899521531,7.971291866028708,0.20095693779904306,0.24880382775119617,0.507177033492823,0.5741626794258373,0.0,0.0,0.0,0.0,0.9856459330143541,0.6794258373205742,13.712918660287082,8.61244019138756,0.42105263157894735,0.430622009569378,1.1483253588516746,0.9760765550239234,0.18181818181818182,0.10526315789473684,0.009569377990430622,0.028708133971291867
Delta,48.73500629106668,5184.896057598211,19.232489864392562,680.6874038864812,3.090032154340836,5.709911925066406,8.0,8029.0,Delta,8029.0,38.862462430000015,-107.86313419999996,21.444444444444443,1.0,0.0,20.444444444444443,Delta,50.0,8.0,29.0,6.0,9.0,3212.3253588516745,1613.5885167464114,1598.7368421052631,1529.2535885167465,1531.3397129186603,16.42105263157895,5.9330143540669855,23.425837320574164,18.94736842105263,11.464114832535886,13.177033492822966,1.2057416267942584,1.4354066985645932,31.818181818181817,27.904306220095695,1559.799043062201,1558.1818181818182,23.08133971291866,12.15311004784689,43.69377990430622,37.014354066985646,16.966507177033492,17.483253588516746,2.6220095693779903,2.401913875598086,1361.598086124402,1379.4449760765551,1305.1291866028707,1333.952153110048,13.751196172248804,3.4832535885167464,10.870813397129186,8.574162679425838,8.995215311004785,11.952153110047847,0.6124401913875598,0.9186602870813397,22.239234449760765,20.564593301435405,1326.5167464114832,1353.7033492822966,18.60287081339713,8.009569377990431,24.210526315789473,21.330143540669855,13.23444976076555,15.636363636363637,1.8181818181818181,1.7320574162679425,251.99043062200957,219.29186602870814,224.1244019138756,197.38755980861245,2.6698564593301435,2.449760765550239,12.555023923444976,10.373205741626794,2.4688995215311005,1.2248803827751196,0.5933014354066986,0.5167464114832536,9.578947368421053,7.339712918660287,233.2822966507177,204.47846889952154,4.478468899521531,4.143540669856459,19.483253588516746,15.68421052631579,3.7320574162679425,1.8468899521531101,0.8038277511961722,0.6698564593301436
Denver,75.32187910854577,7164.268895302229,33.933468013468016,724.6181337181337,3.645316658649992,11.840657367324035,8.0,8031.0,Denver,8031.0,39.760182760000006,-104.87256950000004,1982.388888888889,92.0,0.0,1890.388888888889,Denver,50.0,8.0,31.0,6.0,9.0,68667.11961722487,34352.72727272727,34314.39234449761,27890.296650717704,27509.598086124402,3526.7464114832537,3557.3875598086124,667.7224880382776,678.1435406698564,1195.3875598086124,1424.6507177033493,59.377990430622006,53.377990430622006,1013.1961722488038,1091.2344497607655,28770.02870813397,28461.28229665072,3988.1626794258373,4052.1913875598084,1083.8181818181818,1137.5502392344497,1523.9425837320575,1774.468899521531,112.8133971291866,110.35406698564593,23553.665071770334,23877.416267942583,18280.62200956938,18286.095693779906,3224.8995215311006,3235.043062200957,180.8133971291866,199.7511961722488,1129.090909090909,1354.248803827751,36.01913875598086,34.00956937799043,702.2200956937799,768.2679425837321,18889.11004784689,18953.28229665072,3559.4832535885166,3601.55980861244,412.13397129186603,464.4401913875598,1390.8038277511962,1634.6315789473683,75.02392344497608,75.51196172248804,10799.062200956938,10436.976076555024,9609.674641148325,9223.502392344497,301.8468899521531,322.3444976076555,486.90909090909093,478.39234449760767,66.29665071770334,70.40191387559808,23.358851674641148,19.36842105263158,310.97607655502395,322.9665071770335,9880.918660287081,9508.0,428.6794258373206,450.63157894736844,671.6842105263158,673.11004784689,133.13875598086125,139.83732057416267,37.78947368421053,34.8421052631579
Douglas,121.00695778106602,5514.950980700815,56.67869848565942,995.6298208607499,5.621611623587192,16.569373170040613,8.0,8035.0,Douglas,8035.0,39.331337960000006,-104.93000099999996,376.5,16.333333333333332,0.0,360.1666666666667,Douglas,50.0,8.0,35.0,6.0,9.0,32520.765550239234,16149.722488038278,16371.043062200957,14770.21052631579,14935.224880382775,241.86602870813397,192.6602870813397,76.44976076555024,76.88038277511961,652.7272727272727,760.8325358851674,15.090909090909092,15.83732057416268,393.377990430622,389.60765550239233,15143.904306220096,15306.086124401914,347.21531100478467,294.1244019138756,175.37799043062202,177.2822966507177,862.4976076555024,969.4832535885167,41.100478468899524,42.038277511961724,14857.521531100478,15026.114832535884,13608.0,13721.598086124402,217.07177033492823,170.2488038277512,44.516746411483254,45.569377990430624,638.755980861244,742.4784688995215,12.086124401913876,11.799043062200957,337.09090909090907,334.42105263157896,13929.531100478469,14041.148325358852,308.555023923445,258.3062200956938,115.82775119617224,117.82775119617224,829.2248803827752,932.5933014354067,34.698564593301434,34.622009569377994,1292.200956937799,1344.9282296650717,1162.2105263157894,1213.6267942583731,24.794258373205743,22.411483253588518,31.933014354066987,31.311004784688997,13.971291866028707,18.354066985645932,3.0047846889952154,4.038277511961723,56.28708133971292,55.186602870813395,1214.3732057416269,1264.9377990430621,38.66028708133971,35.81818181818182,59.55023923444976,59.45454545454545,33.27272727272727,36.889952153110045,6.401913875598086,7.416267942583732
Eagle,70.2814031267014,171621.5764952944,27.043115293873637,541.9827590676933,3.6120142075652693,12.996914780534599,8.0,8037.0,Eagle,8037.0,39.62754308,-106.69336369999998,494.0,6.555555555555555,0.0,487.44444444444446,Eagle,50.0,8.0,37.0,6.0,9.0,5603.588516746411,2977.5215311004786,2626.066985645933,2828.3923444976076,2503.8086124401916,44.49760765550239,20.13397129186603,37.33971291866029,33.26315789473684,29.789473684210527,36.55502392344498,2.861244019138756,1.923444976076555,34.64114832535885,30.382775119617225,2860.6794258373207,2532.1244019138758,52.354066985645936,27.67464114832536,54.248803827751196,48.27751196172249,39.952153110047846,45.49282296650718,6.373205741626794,4.2105263157894735,2093.2631578947367,1835.8086124401914,2004.8708133971293,1762.7368421052631,29.416267942583733,10.325358851674642,8.200956937799043,8.392344497607656,26.555023923444978,33.34928229665072,1.2822966507177034,0.6985645933014354,22.9377990430622,20.30622009569378,2026.1052631578948,1781.6076555023924,34.9377990430622,15.636363636363637,17.023923444976077,16.574162679425836,35.100478468899524,40.86124401913876,3.8851674641148324,2.2966507177033493,884.2583732057416,790.2583732057416,823.5215311004785,741.0717703349283,15.08133971291866,9.808612440191387,29.138755980861244,24.870813397129186,3.2344497607655502,3.2057416267942584,1.5789473684210527,1.2248803827751196,11.703349282296651,10.076555023923445,834.5741626794259,750.5167464114833,17.416267942583733,12.038277511961722,37.22488038277512,31.70334928229665,4.851674641148326,4.631578947368421,2.488038277511962,1.9138755980861244
El Paso,120.77743490292946,8455.315824303378,53.78469307589409,795.3848919590343,6.105737176991839,17.03659874441747,8.0,8041.0,El Paso,8041.0,38.83240149000002,-104.52514109999998,758.5,54.44444444444444,0.0,704.0555555555555,El Paso,50.0,8.0,41.0,6.0,9.0,69382.78468899522,34858.10526315789,34524.67942583732,29311.96172248804,28956.143540669855,2508.3827751196172,2193.0526315789475,461.74162679425837,447.42583732057415,856.3540669856459,1189.8277511961724,142.755980861244,138.3062200956938,1576.909090909091,1599.9234449760766,30743.205741626793,30417.33014354067,3193.3014354066986,2876.5837320574165,942.9665071770335,956.1531100478469,1469.3684210526317,1805.7416267942583,274.6124401913876,272.3062200956938,29239.406698564595,28997.1004784689,24672.2009569378,24429.51196172249,2229.129186602871,1898.7751196172248,216.7846889952153,210.35406698564594,787.5215311004785,1121.4066985645934,110.94736842105263,104.0,1222.822966507177,1233.0526315789473,25779.263157894737,25552.555023923444,2775.9425837320573,2443.7416267942585,522.2966507177033,532.421052631579,1301.7224880382776,1636.0191387559807,214.5933014354067,207.52153110047846,5618.698564593302,5527.578947368421,4639.760765550239,4526.631578947368,279.2535885167464,294.2775119617225,244.95693779904306,237.07177033492823,68.83253588516746,68.42105263157895,31.80861244019139,34.30622009569378,354.0861244019139,366.8708133971292,4963.942583732058,4864.775119617225,417.35885167464113,432.8421052631579,420.66985645933016,423.73205741626793,167.64593301435406,169.7224880382775,60.01913875598086,64.7846889952153
Elbert,126.00342888492662,14419.302564805925,54.59744890961459,949.5340831161707,7.587025099437663,14.963242353586613,8.0,8039.0,Elbert,8039.0,39.28656773,-104.13587209999997,22.333333333333332,1.0,0.0,21.333333333333332,Elbert,50.0,8.0,39.0,6.0,9.0,2536.995215311005,1273.6937799043062,1263.3014354066986,1214.5933014354066,1204.842105263158,14.966507177033494,8.708133971291867,10.229665071770334,9.511961722488039,8.583732057416269,14.832535885167465,1.9904306220095693,2.0191387559808613,23.330143540669855,23.38755980861244,1236.5071770334928,1226.7751196172248,21.79904306220096,15.578947368421053,20.641148325358852,20.688995215311003,15.607655502392344,21.330143540669855,3.416267942583732,3.3779904306220097,1198.8612440191387,1182.842105263158,1148.468899521531,1134.0574162679425,13.980861244019138,7.866028708133971,7.425837320574162,6.794258373205742,7.598086124401914,13.157894736842104,1.4545454545454546,1.5023923444976077,19.933014354066987,19.464114832535884,1167.1961722488038,1152.2966507177034,20.0,13.655502392344498,15.5311004784689,15.492822966507177,14.124401913875598,19.119617224880383,2.7655502392344498,2.6220095693779903,74.83253588516746,80.45933014354067,66.1244019138756,70.7846889952153,0.9856459330143541,0.8421052631578947,2.8038277511961724,2.7177033492822966,0.9856459330143541,1.674641148325359,0.5358851674641149,0.5167464114832536,3.397129186602871,3.923444976076555,69.31100478468899,74.47846889952153,1.799043062200957,1.923444976076555,5.110047846889952,5.196172248803828,1.4832535885167464,2.210526315789474,0.6507177033492823,0.7559808612440191
Fremont,65.99735035529326,4762.601890882814,27.012585812356978,807.4459231603036,3.79663976875828,8.87504516439841,8.0,8043.0,Fremont,8043.0,38.47362325999999,-105.43996670000001,14.11111111111111,0.0,0.0,14.11111111111111,Fremont,50.0,8.0,43.0,6.0,9.0,4940.114832535885,2852.784688995215,2087.3301435406697,2531.090909090909,1994.8995215311004,188.0956937799043,7.961722488038277,62.813397129186605,28.373205741626794,25.952153110047846,14.076555023923445,1.215311004784689,1.894736842105263,43.61722488038278,40.1244019138756,2572.956937799043,2033.5502392344497,196.97607655502392,15.665071770334928,91.20574162679426,55.1578947368421,33.82775119617225,20.88995215311005,3.0717703349282295,3.626794258373206,2399.464114832536,1905.2918660287082,2104.3923444976076,1832.1052631578948,183.47368421052633,7.167464114832536,50.90909090909091,19.04306220095694,24.77511961722488,13.224880382775119,0.6028708133971292,1.3205741626794258,35.311004784689,32.430622009569376,2138.3253588516745,1863.2631578947369,190.7177033492823,13.37799043062201,73.00478468899522,40.143540669856456,31.827751196172247,19.311004784688997,2.1626794258373208,2.77511961722488,453.3205741626794,182.03827751196172,426.69856459330146,162.79425837320574,4.62200956937799,0.7942583732057417,11.904306220095695,9.330143540669857,1.1770334928229664,0.8516746411483254,0.6124401913875598,0.5741626794258373,8.30622009569378,7.69377990430622,434.63157894736844,170.28708133971293,6.258373205741627,2.287081339712919,18.20095693779904,15.014354066985646,2.0,1.5789473684210527,0.9090909090909091,0.8516746411483254
Garfield,49.16255985792662,7958.016776075857,18.942377826404083,714.863317794057,3.2958170805188214,7.585640440173786,8.0,8045.0,Garfield,8045.0,39.59921777,-107.90270800000002,72.05555555555556,2.0,0.0,70.05555555555556,Garfield,50.0,8.0,45.0,6.0,9.0,6041.9617224880385,3094.200956937799,2947.7607655502393,2916.2583732057415,2783.043062200957,41.69377990430622,27.291866028708135,53.4066985645933,49.84688995215311,20.574162679425836,29.933014354066987,4.258373205741627,4.650717703349282,58.00956937799043,52.995215311004785,2970.842105263158,2833.0143540669856,53.866028708133975,38.688995215311,90.10526315789474,82.51674641148325,32.83253588516747,41.74162679425837,7.617224880382775,7.885167464114833,2202.4784688995214,2135.7607655502393,2110.0574162679427,2048.3636363636365,20.62200956937799,10.909090909090908,15.952153110047847,13.617224880382775,17.09090909090909,25.36842105263158,2.3444976076555024,1.3588516746411483,36.411483253588514,36.143540669856456,2144.3923444976076,2082.4210526315787,29.22488038277512,19.05263157894737,35.35885167464115,33.35885167464115,27.24401913875598,35.301435406698566,4.6028708133971294,3.7607655502392343,891.7224880382776,812.0,806.200956937799,734.6794258373205,21.071770334928228,16.382775119617225,37.45454545454545,36.229665071770334,3.4832535885167464,4.564593301435407,1.9138755980861244,3.291866028708134,21.598086124401913,16.851674641148325,826.4497607655502,750.5933014354067,24.641148325358852,19.636363636363637,54.74641148325359,49.1578947368421,5.588516746411483,6.440191387559809,3.014354066985646,4.124401913875598
Gilpin,53.195818121473614,11298.115167607037,25.471622967142384,688.5801526717557,2.1072021241287753,7.011284434118818,8.0,8047.0,Gilpin,8047.0,39.85646523000001,-105.52525970000005,1.0,0.0,0.0,1.0,Gilpin,50.0,8.0,47.0,6.0,9.0,597.0047846889952,314.8995215311005,282.10526315789474,297.2822966507177,265.82775119617224,3.186602870813397,2.0191387559808613,3.550239234449761,3.2057416267942584,3.8086124401913874,5.253588516746412,0.9665071770334929,0.3253588516746411,6.105263157894737,5.473684210526316,302.94736842105266,271.0143540669856,4.832535885167464,3.5023923444976077,6.7368421052631575,6.382775119617225,5.502392344497608,6.354066985645933,1.4162679425837321,0.5550239234449761,296.82296650717706,264.54545454545456,281.1866028708134,250.61244019138755,2.937799043062201,1.7511961722488039,2.5454545454545454,2.373205741626794,3.645933014354067,5.138755980861244,0.861244019138756,0.3253588516746411,5.645933014354067,4.344497607655502,286.4306220095694,254.7177033492823,4.497607655502392,2.9569377990430623,5.454545454545454,4.717703349282297,5.253588516746412,6.172248803827751,1.244019138755981,0.5454545454545454,18.076555023923444,17.559808612440193,16.095693779904305,15.21531100478469,0.24880382775119617,0.2679425837320574,1.0047846889952152,0.8325358851674641,0.16267942583732056,0.11483253588516747,0.10526315789473684,0.0,0.45933014354066987,1.1291866028708133,16.516746411483254,16.29665071770335,0.3349282296650718,0.5454545454545454,1.2822966507177034,1.6650717703349283,0.24880382775119617,0.18181818181818182,0.1722488038277512,0.009569377990430622
Grand,75.62359379750684,11107.232669504408,28.510033444816052,566.0983581635755,3.81438127090301,13.951961082395865,8.0,8049.0,Grand,8049.0,40.10603347000002,-106.11780419999997,4.5,0.0,0.0,4.5,Grand,50.0,8.0,49.0,6.0,9.0,1558.909090909091,831.1578947368421,727.7511961722488,798.4784688995215,697.4258373205741,6.3349282296650715,3.2344497607655502,5.607655502392345,4.956937799043062,6.631578947368421,7.502392344497608,0.7751196172248804,0.9665071770334929,13.330143540669857,13.665071770334928,810.976076555024,710.3540669856459,9.55023923444976,6.478468899521531,12.813397129186603,12.660287081339712,10.047846889952153,10.688995215311005,1.7129186602870814,1.8468899521531101,764.9282296650717,669.8181818181819,740.3827751196172,645.8181818181819,4.76555023923445,3.0239234449760763,3.090909090909091,3.3014354066985647,6.162679425837321,7.186602870813397,0.49760765550239233,0.784688995215311,10.028708133971293,9.703349282296651,749.866028708134,655.11004784689,7.473684210526316,5.416267942583732,7.84688995215311,8.239234449760765,9.08133971291866,9.770334928229666,1.215311004784689,1.4832535885167464,66.22966507177034,57.933014354066984,58.09569377990431,51.60765550239235,1.569377990430622,0.21052631578947367,2.5167464114832536,1.6555023923444976,0.4688995215311005,0.3157894736842105,0.27751196172248804,0.18181818181818182,3.3014354066985647,3.9617224880382773,61.110047846889955,55.24401913875598,2.076555023923445,1.062200956937799,4.966507177033493,4.421052631578948,0.9665071770334929,0.9186602870813397,0.49760765550239233,0.36363636363636365
Gunnison,31.16668037167996,39754.62897788011,9.688841378176138,545.8773949510731,1.7724693692952882,8.27900666063646,8.0,8051.0,Gunnison,8051.0,38.66611652000001,-107.0320729,123.77777777777777,3.4444444444444446,0.0,120.33333333333333,Gunnison,50.0,8.0,51.0,6.0,9.0,1675.598086124402,907.3588516746412,768.2392344497607,856.9090909090909,727.1291866028708,6.229665071770335,2.2679425837320575,22.181818181818183,18.660287081339714,5.473684210526316,6.3349282296650715,0.37320574162679426,0.16267942583732056,16.19138755980861,13.68421052631579,872.1913875598086,739.9234449760766,10.832535885167465,5.4066985645933014,30.593301435406698,25.885167464114833,9.21531100478469,10.17224880382775,1.2727272727272727,1.0239234449760766,827.2153110047847,700.3157894736842,798.4114832535885,677.5502392344498,5.760765550239235,1.799043062200957,6.181818181818182,4.124401913875598,4.669856459330144,5.9330143540669855,0.37320574162679426,0.16267942583732056,11.818181818181818,10.746411483253588,809.5311004784689,687.5311004784689,9.129186602870814,4.287081339712919,11.578947368421053,9.320574162679426,8.095693779904305,9.444976076555024,1.1483253588516746,0.9282296650717703,80.14354066985646,67.92344497607655,58.49760765550239,49.578947368421055,0.4688995215311005,0.4688995215311005,16.0,14.535885167464114,0.8038277511961722,0.4019138755980861,0.0,0.0,4.373205741626794,2.937799043062201,62.66028708133971,52.39234449760765,1.7033492822966507,1.1196172248803828,19.014354066985646,16.564593301435405,1.1196172248803828,0.7272727272727273,0.12440191387559808,0.09569377990430622
Hinsdale,22.217391304347824,3441.478260869565,9.608695652173912,966.8695652173913,1.2173913043478262,2.0869565217391304,8.0,8053.0,Hinsdale,8053.0,37.822474439999986,-107.30043449999995,2.888888888888889,0.0,0.0,2.888888888888889,Hinsdale,50.0,8.0,53.0,6.0,9.0,85.05263157894737,44.133971291866025,40.91866028708134,42.02870813397129,39.25358851674641,0.1339712918660287,0.3157894736842105,0.6889952153110048,0.28708133971291866,0.24880382775119617,0.2966507177033493,0.0,0.0,1.0334928229665072,0.7655502392344498,43.03349282296651,40.0,0.5454545454545454,0.49760765550239233,0.9760765550239234,0.7559808612440191,0.5933014354066986,0.41148325358851673,0.04784688995215311,0.03827751196172249,42.57416267942584,39.09090909090909,40.73684210526316,37.569377990430624,0.1339712918660287,0.3157894736842105,0.583732057416268,0.18181818181818182,0.14354066985645933,0.2966507177033493,0.0,0.0,0.9760765550239234,0.7272727272727273,41.68421052631579,38.27751196172249,0.5358851674641149,0.4880382775119617,0.8325358851674641,0.6411483253588517,0.4784688995215311,0.4019138755980861,0.03827751196172249,0.028708133971291867,1.5598086124401913,1.8277511961722488,1.291866028708134,1.6842105263157894,0.0,0.0,0.10526315789473684,0.10526315789473684,0.10526315789473684,0.0,0.0,0.0,0.05741626794258373,0.03827751196172249,1.3492822966507176,1.722488038277512,0.009569377990430622,0.009569377990430622,0.14354066985645933,0.11483253588516747,0.11483253588516747,0.009569377990430622,0.009569377990430622,0.009569377990430622
Huerfano,35.50608695652174,9436.194285714286,13.307577639751553,481.43527950310556,2.26111801242236,4.750310559006211,8.0,8055.0,Huerfano,8055.0,37.684731009999986,-104.9612585,1.2777777777777777,0.0,0.0,1.2777777777777777,Huerfano,50.0,8.0,55.0,6.0,9.0,694.4784688995215,348.91866028708137,345.5598086124402,313.4736842105263,312.5837320574163,3.1291866028708135,2.937799043062201,19.330143540669855,16.507177033492823,3.0526315789473686,2.6794258373205744,0.7942583732057417,0.8325358851674641,9.138755980861244,10.019138755980862,322.20095693779905,322.2105263157895,4.985645933014354,5.0047846889952154,25.827751196172247,23.626794258373206,4.29665071770335,3.8564593301435406,1.1196172248803828,1.2822966507177034,223.11004784688996,228.62200956937798,210.39234449760767,216.67942583732057,2.047846889952153,1.3014354066985645,3.464114832535885,3.148325358851675,1.9617224880382775,1.6842105263157894,0.6507177033492823,0.4880382775119617,4.5933014354066986,5.320574162679426,214.7177033492823,221.78947368421052,3.090909090909091,2.449760765550239,6.45933014354067,6.7368421052631575,2.7559808612440193,2.401913875598086,0.8325358851674641,0.7751196172248804,125.80861244019138,116.9377990430622,103.08133971291866,95.90430622009569,1.0813397129186604,1.6363636363636365,15.866028708133971,13.358851674641148,1.0909090909090908,0.9952153110047847,0.14354066985645933,0.3444976076555024,4.545454545454546,4.698564593301436,107.48325358851675,100.42105263157895,1.894736842105263,2.555023923444976,19.36842105263158,16.88995215311005,1.5406698564593302,1.4545454545454546,0.28708133971291866,0.507177033492823
Jefferson,66.85721362796197,8169.738122991358,30.158822207050438,894.2960093584,3.197858558273525,10.064830233293923,8.0,8059.0,Jefferson,8059.0,39.58635604000002,-105.25176919999996,1020.1666666666666,45.44444444444444,0.0,974.7222222222222,Jefferson,50.0,8.0,59.0,6.0,9.0,58345.5980861244,29001.425837320574,29344.17224880383,26768.047846889953,27101.215311004784,422.66985645933016,305.5980861244019,346.8612440191388,344.4401913875598,756.421052631579,898.3827751196172,35.100478468899524,32.73684210526316,672.3253588516747,661.799043062201,27409.1004784689,27734.83253588517,600.2583732057416,476.0861244019139,630.9377990430622,629.1866028708134,1016.6411483253588,1151.8373205741627,74.43062200956938,71.26315789473684,24706.583732057417,24935.913875598086,22974.401913875598,23197.28229665072,350.4306220095694,238.19138755980862,149.11004784688996,147.22488038277513,718.8421052631579,855.665071770335,23.72248803827751,22.32535885167464,490.07655502392345,475.2248803827751,23443.062200956938,23653.57894736842,485.61722488038276,368.555023923445,318.488038277512,312.3732057416268,934.4593301435407,1064.0956937799042,52.90909090909091,50.688995215311,4294.8421052631575,4408.258373205742,3793.645933014354,3903.933014354067,72.23923444976077,67.4066985645933,197.7511961722488,197.2153110047847,37.578947368421055,42.717703349282296,11.37799043062201,10.411483253588516,182.2488038277512,186.57416267942583,3966.0382775119615,4081.2535885167463,114.64114832535886,107.5311004784689,312.44976076555025,316.8133971291866,82.18181818181819,87.74162679425838,21.52153110047847,20.574162679425836
Kit Carson,62.15989435188948,7733.619869971556,21.428890694839495,539.531491263714,5.973994311255587,8.380333197887039,8.0,8063.0,Kit Carson,8063.0,39.304977770000015,-102.60221989999997,15.222222222222221,1.2222222222222223,0.0,14.0,Kit Carson,50.0,8.0,63.0,6.0,9.0,837.023923444976,456.39234449760767,380.63157894736844,424.2488038277512,366.64114832535887,17.588516746411482,1.5789473684210527,4.966507177033493,3.617224880382775,1.9904306220095693,2.9473684210526314,0.8133971291866029,0.6411483253588517,6.784688995215311,5.205741626794258,430.2870813397129,371.58851674641147,19.83732057416268,3.1004784688995217,8.822966507177034,6.535885167464115,3.311004784688995,3.827751196172249,1.1004784688995215,0.8803827751196173,358.3732057416268,317.82775119617224,332.066985645933,307.61722488038276,16.698564593301434,1.3971291866028708,2.985645933014354,1.7416267942583732,1.8277511961722488,2.813397129186603,0.4880382775119617,0.21052631578947367,4.30622009569378,4.047846889952153,335.8181818181818,311.444976076555,18.124401913875598,2.602870813397129,5.2631578947368425,3.923444976076555,2.8708133971291865,3.569377990430622,0.6794258373205742,0.41148325358851673,98.01913875598086,62.803827751196174,92.18181818181819,59.02392344497608,0.8899521531100478,0.18181818181818182,1.9808612440191387,1.875598086124402,0.16267942583732056,0.1339712918660287,0.3253588516746411,0.430622009569378,2.478468899521531,1.1578947368421053,94.4688995215311,60.143540669856456,1.7129186602870814,0.49760765550239233,3.5598086124401913,2.61244019138756,0.44019138755980863,0.2583732057416268,0.42105263157894735,0.4688995215311005
La Plata,61.547855866587255,13025.59270399047,21.790917212626564,476.9845443716498,3.702561048243002,11.149344848123883,8.0,8067.0,La Plata,8067.0,37.286320319999994,-107.84290140000002,52.05555555555556,0.0,0.0,52.05555555555556,La Plata,50.0,8.0,67.0,6.0,9.0,5616.918660287081,2847.818181818182,2769.1004784688994,2555.224880382775,2464.803827751196,18.545454545454547,10.095693779904305,186.83253588516746,199.7799043062201,16.16267942583732,22.75598086124402,1.9808612440191387,2.401913875598086,69.07177033492823,69.26315789473684,2619.9234449760766,2529.866028708134,32.047846889952154,23.05263157894737,233.12918660287082,246.60287081339712,29.291866028708135,36.047846889952154,5.157894736842105,5.6746411483253585,2496.842105263158,2427.2057416267944,2278.995215311005,2191.9425837320573,14.574162679425838,7.6746411483253585,140.14354066985646,154.4976076555024,13.148325358851675,20.181818181818183,1.770334928229665,2.1818181818181817,48.21052631578947,50.72727272727273,2324.2296650717703,2239.397129186603,24.63157894736842,17.85645933014354,169.79904306220095,186.55502392344496,23.913875598086126,31.22488038277512,4.028708133971292,4.62200956937799,350.97607655502395,341.89473684210526,276.22966507177034,272.8612440191388,3.971291866028708,2.4210526315789473,46.688995215311,45.282296650717704,3.014354066985646,2.574162679425837,0.21052631578947367,0.22009569377990432,20.861244019138756,18.535885167464116,295.6937799043062,290.4688995215311,7.416267942583732,5.196172248803828,63.33014354066986,60.047846889952154,5.37799043062201,4.822966507177034,1.1291866028708133,1.0526315789473684
Lake,27.20558239398819,13023.786902844873,10.727858293075684,555.2546967257113,1.5829307568438002,4.672839506172839,8.0,8065.0,Lake,8065.0,39.20278823,-106.35556969999996,9.88888888888889,0.0,0.0,9.88888888888889,Lake,50.0,8.0,65.0,6.0,9.0,781.5023923444976,419.33014354066984,362.17224880382776,394.94736842105266,340.60287081339715,3.3205741626794256,1.6555023923444976,9.483253588516746,9.82775119617225,1.9330143540669857,2.401913875598086,0.42105263157894735,0.009569377990430622,9.224880382775119,7.6746411483253585,403.7607655502392,348.0287081339713,5.55023923444976,3.6363636363636362,15.24401913875598,14.354066985645932,3.425837320574163,3.7033492822966507,0.8421052631578947,0.3349282296650718,264.3732057416268,221.37799043062202,251.89473684210526,210.95693779904306,2.449760765550239,0.9569377990430622,3.1961722488038276,2.851674641148325,1.3971291866028708,2.3923444976076556,0.42105263157894735,0.009569377990430622,5.014354066985646,4.2105263157894735,256.7177033492823,214.99521531100478,3.751196172248804,2.1626794258373208,5.923444976076555,4.985645933014354,2.4401913875598087,3.416267942583732,0.6794258373205742,0.19138755980861244,154.95693779904306,140.79425837320574,143.05263157894737,129.64593301435406,0.8708133971291866,0.6985645933014354,6.287081339712919,6.976076555023924,0.5358851674641149,0.009569377990430622,0.0,0.0,4.2105263157894735,3.464114832535885,147.04306220095694,133.0334928229665,1.799043062200957,1.4736842105263157,9.320574162679426,9.368421052631579,0.9856459330143541,0.28708133971291866,0.16267942583732056,0.14354066985645933
Larimer,139.17159099226583,6620.9392246322,61.431014711981845,849.9215421963062,7.5908946739209995,21.349641349696245,8.0,8069.0,Larimer,8069.0,40.666715970000006,-105.4625784,255.33333333333334,13.38888888888889,0.0,241.94444444444446,Larimer,50.0,8.0,69.0,6.0,9.0,33711.511961722485,16774.71770334928,16936.794258373207,15642.507177033493,15818.985645933015,196.1244019138756,145.7224880382775,168.92822966507177,167.16746411483254,353.2631578947368,398.6794258373206,16.8133971291866,15.004784688995215,397.08133971291863,391.23444976076553,16022.287081339713,16192.440191387559,302.4593301435407,250.41148325358853,327.7799043062201,325.08133971291863,508.7464114832536,550.5933014354067,40.18181818181818,37.8755980861244,14881.167464114833,15121.971291866028,13978.755980861244,14226.842105263158,168.5933014354067,119.59808612440192,75.14832535885168,71.49282296650718,335.0143540669856,383.1674641148325,11.82775119617225,10.038277511961722,311.82775119617224,310.8325358851675,14278.105263157895,14524.478468899522,255.98086124401914,207.01435406698565,180.19138755980862,178.22966507177034,470.688995215311,517.0622009569378,30.19138755980861,28.440191387559807,1893.5502392344497,1814.822966507177,1663.751196172249,1592.1435406698565,27.5311004784689,26.124401913875598,93.77990430622009,95.67464114832536,18.248803827751196,15.511961722488039,4.985645933014354,4.966507177033493,85.2535885167464,80.40191387559808,1744.1818181818182,1667.9617224880383,46.47846889952153,43.39712918660287,147.58851674641147,146.85167464114832,38.057416267942585,33.5311004784689,9.990430622009569,9.435406698564593
Las Animas,29.966607605288264,5299.033937576666,11.468856480850484,594.7943301076734,2.009540684203353,4.3147062832220255,8.0,8071.0,Las Animas,8071.0,37.315340600000006,-104.03764580000002,2.7222222222222223,0.0,0.0,2.7222222222222223,Las Animas,50.0,8.0,71.0,6.0,9.0,1547.7033492822966,798.3157894736842,749.3875598086124,721.933014354067,693.4641148325359,21.416267942583733,5.177033492822966,29.167464114832537,24.995215311004785,7.866028708133971,7.913875598086125,0.7751196172248804,1.0717703349282297,17.157894736842106,16.76555023923445,738.0861244019138,709.2727272727273,25.148325358851675,9.110047846889952,40.95693779904306,36.19138755980861,10.334928229665072,10.344497607655502,1.7607655502392345,1.9808612440191387,464.64114832535887,433.20574162679424,421.36842105263156,405.2822966507177,18.88995215311005,3.272727272727273,10.296650717703349,8.076555023923445,6.392344497607655,6.956937799043062,0.2583732057416268,0.3349282296650718,7.435406698564593,9.282296650717702,428.29665071770336,413.933014354067,21.0622009569378,5.636363636363637,14.526315789473685,13.607655502392344,7.684210526315789,8.660287081339712,0.7751196172248804,0.9952153110047847,333.67464114832535,316.1818181818182,300.5645933014354,288.1818181818182,2.526315789473684,1.9043062200956937,18.870813397129186,16.91866028708134,1.4736842105263157,0.9569377990430622,0.5167464114832536,0.7368421052631579,9.722488038277511,7.483253588516747,309.7894736842105,295.33971291866027,4.086124401913875,3.473684210526316,26.43062200956938,22.583732057416267,2.650717703349282,1.6842105263157894,0.9856459330143541,0.9856459330143541
Lincoln,64.14621988368873,15819.562448075325,21.254223206867902,308.941844364442,3.8499030739407365,13.648019939075049,8.0,8073.0,Lincoln,8073.0,38.98749519,-103.51366490000004,2.7222222222222223,0.0,0.0,2.7222222222222223,Lincoln,50.0,8.0,73.0,6.0,9.0,578.3636363636364,336.0287081339713,242.33492822966508,294.32535885167465,231.05263157894737,29.425837320574164,1.9712918660287082,4.7368421052631575,2.1339712918660285,2.8421052631578947,2.4210526315789473,0.18181818181818182,0.20095693779904306,4.516746411483253,4.555023923444976,298.0956937799043,235.3684210526316,30.650717703349283,3.397129186602871,7.492822966507177,4.650717703349282,4.057416267942584,3.186602870813397,0.3349282296650718,0.41148325358851673,279.52153110047846,223.2153110047847,242.2775119617225,213.95215311004785,27.961722488038276,1.8851674641148326,3.38755980861244,0.9760765550239234,2.2583732057416266,2.3923444976076556,0.18181818181818182,0.20095693779904306,3.4545454545454546,3.8086124401913874,245.02392344497608,217.5693779904306,28.880382775119617,3.062200956937799,5.588516746411483,2.985645933014354,3.2057416267942584,3.062200956937799,0.28708133971291866,0.3923444976076555,56.50717703349282,19.119617224880383,52.047846889952154,17.10047846889952,1.4641148325358853,0.0861244019138756,1.3492822966507176,1.1578947368421053,0.583732057416268,0.028708133971291867,0.0,0.0,1.062200956937799,0.7464114832535885,53.07177033492823,17.79904306220096,1.770334928229665,0.3349282296650718,1.9043062200956937,1.6650717703349283,0.8516746411483254,0.12440191387559808,0.04784688995215311,0.019138755980861243
Logan,94.11938098747237,5729.105063690915,33.65796399621013,682.5759553637225,7.932519212548689,13.756184861564375,8.0,8075.0,Logan,8075.0,40.724963699999996,-103.110817,82.83333333333333,0.6666666666666666,0.0,82.16666666666667,Logan,50.0,8.0,75.0,6.0,9.0,2305.215311004785,1286.4497607655503,1018.7655502392345,1161.9138755980862,970.5071770334928,75.6842105263158,10.535885167464114,20.392344497607656,12.736842105263158,10.688995215311005,8.660287081339712,1.3397129186602872,1.1961722488038278,16.43062200956938,15.129186602870814,1176.9952153110048,984.7655502392345,81.61722488038278,15.712918660287082,29.05263157894737,20.717703349282296,13.645933014354068,11.167464114832535,2.210526315789474,2.0669856459330145,1055.6937799043062,890.5071770334928,948.688995215311,858.0382775119617,72.28708133971291,7.885167464114833,12.822966507177034,5.473684210526316,8.89952153110048,6.966507177033493,0.7081339712918661,0.8708133971291866,12.287081339712918,11.272727272727273,959.8468899521531,868.688995215311,77.2535885167464,12.086124401913876,18.650717703349283,10.909090909090908,11.282296650717702,8.937799043062201,1.3779904306220097,1.5502392344497609,230.755980861244,128.25837320574163,213.22488038277513,112.4688995215311,3.397129186602871,2.650717703349282,7.569377990430622,7.2631578947368425,1.7894736842105263,1.69377990430622,0.631578947368421,0.3253588516746411,4.143540669856459,3.8564593301435406,217.14832535885168,116.07655502392345,4.363636363636363,3.626794258373206,10.401913875598087,9.808612440191387,2.3636363636363638,2.229665071770335,0.8325358851674641,0.5167464114832536
Mesa,97.22249474421864,14555.838822704976,35.24234484019378,675.3736022668413,6.092440815331647,15.732183662898754,8.0,8077.0,Mesa,8077.0,39.017878880000005,-108.46979899999998,36.666666666666664,0.0,0.0,36.666666666666664,Mesa,50.0,8.0,77.0,6.0,9.0,15615.559808612441,7740.5837320574165,7874.976076555024,7309.866028708134,7442.114832535885,77.83732057416267,54.066985645933016,119.89473684210526,115.11004784688996,55.49282296650718,84.622009569378,9.779904306220097,10.200956937799043,167.71291866028707,168.86124401913875,7467.435406698564,7599.875598086124,125.72248803827752,100.25837320574162,207.86602870813397,203.99043062200957,99.24401913875599,129.32057416267943,21.311004784688997,22.066985645933013,6635.023923444976,6807.837320574163,6347.894736842105,6516.555023923445,60.86124401913876,36.96650717703349,50.90909090909091,48.9377990430622,46.74641148325359,76.99521531100478,8.4688995215311,7.779904306220096,120.14354066985646,120.60287081339713,6461.425837320574,6629.712918660287,98.42105263157895,73.00478468899522,105.14832535885168,103.63636363636364,82.10526315789474,113.377990430622,16.229665071770334,16.669856459330145,1105.5598086124403,1067.1387559808613,961.9712918660288,925.5598086124402,16.976076555023923,17.10047846889952,68.98564593301435,66.17224880382776,8.746411483253588,7.626794258373206,1.3110047846889952,2.4210526315789473,47.569377990430624,48.25837320574163,1006.0095693779904,970.1626794258373,27.301435406698566,27.25358851674641,102.7177033492823,100.35406698564593,17.138755980861244,15.942583732057416,5.08133971291866,5.3971291866028706
Mineral,24.695652173913043,3768.3478260869565,7.3478260869565215,484.0869565217391,1.434782608695652,5.086956521739131,8.0,8079.0,Mineral,8079.0,37.66954282999999,-106.92816979999999,2.0,0.0,0.0,2.0,Mineral,50.0,8.0,79.0,6.0,9.0,76.83253588516746,38.92822966507177,37.90430622009569,37.80861244019139,37.014354066985646,0.22966507177033493,0.019138755980861243,0.5167464114832536,0.11483253588516747,0.0,0.24880382775119617,0.0,0.0,0.37320574162679426,0.507177033492823,38.16267942583732,37.50239234449761,0.3923444976076555,0.22966507177033493,0.631578947368421,0.3157894736842105,0.09569377990430622,0.35406698564593303,0.028708133971291867,0.009569377990430622,37.282296650717704,36.229665071770334,36.21052631578947,35.44497607655502,0.22966507177033493,0.019138755980861243,0.4688995215311005,0.06698564593301436,0.0,0.24880382775119617,0.0,0.0,0.37320574162679426,0.44976076555023925,36.56459330143541,35.88516746411483,0.3923444976076555,0.21052631578947367,0.583732057416268,0.24880382775119617,0.09569377990430622,0.3349282296650718,0.028708133971291867,0.0,1.645933014354067,1.674641148325359,1.5980861244019138,1.569377990430622,0.0,0.0,0.04784688995215311,0.04784688995215311,0.0,0.0,0.0,0.0,0.0,0.05741626794258373,1.5980861244019138,1.6172248803827751,0.0,0.019138755980861243,0.04784688995215311,0.06698564593301436,0.0,0.019138755980861243,0.0,0.009569377990430622
Moffat,42.75489895897122,6319.089252908757,14.624617268830374,792.5140845070423,3.4972443355786895,6.724892835272505,8.0,8081.0,Moffat,8081.0,40.61810999,-108.20708760000001,4.611111111111111,0.0,0.0,4.611111111111111,Moffat,50.0,8.0,81.0,6.0,9.0,1400.8803827751196,718.9186602870814,681.9617224880383,687.023923444976,651.4832535885167,4.038277511961723,2.9665071770334928,10.009569377990431,9.253588516746412,3.8181818181818183,5.358851674641149,0.6985645933014354,0.4019138755980861,13.330143540669857,12.497607655502392,699.2248803827752,663.1004784688995,8.296650717703349,6.497607655502392,16.803827751196174,16.086124401913874,6.77511961722488,7.961722488038277,1.7129186602870814,1.38755980861244,607.2631578947369,587.3301435406698,584.7751196172248,564.3540669856459,3.521531100478469,2.2679425837320575,4.880382775119617,5.473684210526316,3.425837320574163,5.100478468899522,0.5358851674641149,0.28708133971291866,10.124401913875598,9.84688995215311,593.9712918660288,573.4258373205741,7.100478468899522,5.186602870813397,9.464114832535886,10.574162679425838,5.971291866028708,7.311004784688995,1.291866028708134,1.0909090909090908,111.6555023923445,94.63157894736842,102.2488038277512,87.12918660287082,0.5167464114832536,0.6985645933014354,5.1291866028708135,3.7799043062200957,0.3923444976076555,0.2583732057416268,0.16267942583732056,0.11483253588516747,3.2057416267942584,2.650717703349282,105.2535885167464,89.67464114832536,1.1961722488038278,1.3110047846889952,7.339712918660287,5.511961722488039,0.8038277511961722,0.6507177033492823,0.42105263157894735,0.2966507177033493
Montezuma,42.14264777723498,5176.6461488356945,16.620257287086794,577.7345709167888,2.8483960267057484,5.154616511968735,8.0,8083.0,Montezuma,8083.0,37.33859579,-108.59588570000004,13.555555555555555,2.0,0.0,11.555555555555555,Montezuma,50.0,8.0,83.0,6.0,9.0,2705.157894736842,1336.6124401913876,1368.5454545454545,1125.311004784689,1134.0095693779904,5.196172248803828,4.947368421052632,167.11004784688996,189.10047846889952,6.909090909090909,9.923444976076555,0.9569377990430622,1.4258373205741626,31.129186602870814,29.138755980861244,1154.822966507177,1161.6746411483255,11.444976076555024,10.526315789473685,188.17224880382776,209.02392344497608,12.047846889952153,14.392344497607656,2.5645933014354068,2.8995215311004783,1171.8564593301435,1212.2870813397128,990.4114832535885,1005.5693779904307,3.9904306220095696,3.550239234449761,145.91387559808612,168.95693779904306,6.0669856459330145,9.205741626794259,0.45933014354066987,0.8803827751196173,25.014354066985646,24.124401913875598,1014.0861244019138,1028.4401913875597,9.21531100478469,8.038277511961722,162.39234449760767,185.25358851674642,10.411483253588516,13.157894736842104,1.7511961722488039,2.15311004784689,164.755980861244,156.25837320574163,134.89952153110048,128.44019138755982,1.2057416267942584,1.3971291866028708,21.196172248803826,20.14354066985646,0.8421052631578947,0.7177033492822966,0.49760765550239233,0.5454545454545454,6.114832535885167,5.014354066985646,140.73684210526315,133.23444976076556,2.229665071770335,2.488038277511962,25.779904306220097,23.770334928229666,1.6363636363636365,1.2344497607655502,0.8133971291866029,0.7464114832535885
Montrose,45.951153455530296,4260.4819364511295,17.329786719543453,696.0604536441457,3.1764762779900373,6.615369734487595,8.0,8085.0,Montrose,8085.0,38.40214114000001,-108.26390220000006,77.0,7.666666666666667,0.0,69.33333333333333,Montrose,50.0,8.0,85.0,6.0,9.0,4327.837320574163,2129.5885167464116,2198.248803827751,2012.8516746411483,2086.3253588516745,15.732057416267942,11.84688995215311,40.86124401913876,36.995215311004785,14.296650717703349,19.349282296650717,4.583732057416268,2.382775119617225,41.26315789473684,41.34928229665072,2052.1913875598084,2125.7703349282297,23.23444976076555,19.196172248803826,67.27272727272727,63.99043062200957,23.004784688995215,27.66507177033493,6.631578947368421,4.0,1678.2870813397128,1774.6124401913876,1613.8564593301435,1710.5741626794259,9.330143540669857,6.985645933014354,12.717703349282298,11.311004784688995,11.090909090909092,16.019138755980862,3.2344497607655502,1.5311004784688995,28.057416267942585,28.19138755980861,1640.7368421052631,1737.4736842105262,14.91866028708134,12.325358851674642,28.90909090909091,28.019138755980862,17.961722488038276,22.784688995215312,4.631578947368421,2.7655502392344498,451.30143540669854,423.6363636363636,398.9952153110048,375.7511961722488,6.401913875598086,4.861244019138756,28.14354066985646,25.68421052631579,3.2057416267942584,3.3301435406698565,1.3492822966507176,0.8516746411483254,13.205741626794259,13.157894736842104,411.45454545454544,388.29665071770336,8.31578947368421,6.8708133971291865,38.36363636363637,35.97129186602871,5.043062200956938,4.880382775119617,2.0,1.2344497607655502
Morgan,93.80981167170425,17788.724560179802,30.37185150740138,597.8655351468651,6.1976284584980235,14.325273192280864,8.0,8087.0,Morgan,8087.0,40.26279810000002,-103.80933019999999,184.55555555555554,5.611111111111111,0.0,178.94444444444446,Morgan,50.0,8.0,87.0,6.0,9.0,2974.095693779904,1480.6028708133972,1493.4928229665072,1365.0239234449762,1388.3540669856459,56.15311004784689,44.535885167464116,23.205741626794257,23.770334928229666,10.440191387559809,10.382775119617225,4.717703349282297,3.6363636363636362,21.0622009569378,22.8133971291866,1384.5167464114832,1409.1004784688996,63.4066985645933,52.09569377990431,33.760765550239235,35.52153110047847,14.91866028708134,15.119617224880383,6.0669856459330145,5.2631578947368425,946.2392344497607,985.7703349282297,866.976076555024,919.377990430622,50.66985645933014,36.60287081339713,6.086124401913875,6.2105263157894735,8.430622009569378,8.526315789473685,1.1961722488038278,0.41148325358851673,12.880382775119617,14.641148325358852,879.0047846889952,933.0813397129186,55.70334928229665,41.97129186602871,11.464114832535886,12.45933014354067,11.52153110047847,11.84688995215311,2.1052631578947367,1.569377990430622,534.3636363636364,507.7224880382775,498.04784688995215,468.97607655502395,5.483253588516747,7.9330143540669855,17.119617224880383,17.559808612440193,2.0095693779904304,1.8564593301435406,3.521531100478469,3.22488038277512,8.181818181818182,8.17224880382775,505.511961722488,476.01913875598086,7.70334928229665,10.124401913875598,22.29665071770335,23.0622009569378,3.397129186602871,3.272727272727273,3.9617224880382773,3.6937799043062203
Otero,47.216526065325546,5515.726043694571,16.163962794722043,658.7637897469176,3.305861994375946,6.973502054942678,8.0,8089.0,Otero,8089.0,37.90144850000001,-103.71733850000004,6.5,0.3333333333333333,0.0,6.166666666666667,Otero,50.0,8.0,89.0,6.0,9.0,1953.9138755980862,959.1387559808612,994.7751196172248,874.7846889952153,914.1722488038278,14.75598086124402,9.464114832535886,33.50239234449761,34.066985645933016,9.08133971291866,8.45933014354067,1.244019138755981,2.0095693779904304,25.770334928229666,26.60287081339713,899.1961722488038,939.2344497607655,19.99043062200957,14.392344497607656,51.186602870813395,52.20095693779904,13.330143540669857,12.861244019138756,2.3636363636363638,3.712918660287081,560.0382775119617,590.0765550239234,523.6842105263158,558.0861244019138,9.741626794258373,5.023923444976076,6.30622009569378,6.5933014354066986,8.191387559808613,6.842105263157895,0.3157894736842105,0.7177033492822966,11.799043062200957,12.813397129186603,534.8038277511962,570.0478468899521,12.736842105263158,7.751196172248804,13.330143540669857,13.952153110047847,10.698564593301436,9.722488038277511,0.8995215311004785,1.875598086124402,399.1004784688995,404.69856459330146,351.1004784688995,356.0861244019139,5.014354066985646,4.440191387559809,27.196172248803826,27.473684210526315,0.8899521531100478,1.6172248803827751,0.9282296650717703,1.291866028708134,13.971291866028707,13.789473684210526,364.39234449760767,369.1866028708134,7.253588516746412,6.641148325358851,37.856459330143544,38.248803827751196,2.6315789473684212,3.138755980861244,1.4641148325358853,1.8373205741626795
Ouray,39.14853233281836,7462.013462811741,15.657470757007284,790.7163981461047,1.8856764511145443,5.2849260648863385,8.0,8091.0,Ouray,8091.0,38.14717456999998,-107.76751360000002,4.666666666666667,1.0,0.0,3.6666666666666665,Ouray,50.0,8.0,91.0,6.0,9.0,482.54545454545456,241.5980861244019,240.94736842105263,234.47846889952154,232.7846889952153,0.3827751196172249,0.2583732057416268,1.5215311004784688,1.3492822966507176,1.0430622009569377,2.15311004784689,0.44976076555023925,0.15311004784688995,3.722488038277512,4.248803827751196,237.9712918660287,236.5933014354067,1.569377990430622,1.5502392344497609,3.5598086124401913,3.6937799043062203,1.722488038277512,3.090909090909091,0.6411483253588517,0.4880382775119617,228.10526315789474,227.2153110047847,222.4306220095694,220.1531100478469,0.37320574162679426,0.22966507177033493,0.9856459330143541,0.8708133971291866,1.0430622009569377,2.1435406698564594,0.44976076555023925,0.15311004784688995,2.8229665071770333,3.665071770334928,225.0909090909091,223.42583732057417,1.3301435406698565,1.3397129186602872,2.3923444976076556,2.8421052631578947,1.5885167464114833,2.985645933014354,0.6124401913875598,0.4688995215311005,13.492822966507177,13.732057416267942,12.047846889952153,12.631578947368421,0.009569377990430622,0.028708133971291867,0.5358851674641149,0.4784688995215311,0.0,0.009569377990430622,0.0,0.0,0.8995215311004785,0.583732057416268,12.880382775119617,13.167464114832535,0.23923444976076555,0.21052631578947367,1.167464114832536,0.8516746411483254,0.1339712918660287,0.10526315789473684,0.028708133971291867,0.019138755980861243
Park,70.37455716586152,23033.09307568438,31.33864734299517,641.3334943639292,3.2357487922705315,10.29549114331723,8.0,8093.0,Park,8093.0,39.120926000000004,-105.71820649999997,6.777777777777778,0.0,0.0,6.777777777777778,Park,50.0,8.0,93.0,6.0,9.0,1760.1435406698565,927.6267942583733,832.5167464114833,883.799043062201,789.6363636363636,5.464114832535885,4.631578947368421,10.775119617224881,10.248803827751196,6.239234449760765,9.425837320574162,0.19138755980861244,0.23923444976076555,21.157894736842106,18.33492822966507,903.4162679425838,806.6602870813397,10.229665071770334,8.746411483253588,22.19138755980861,20.440191387559807,12.354066985645932,14.16267942583732,1.4641148325358853,1.4545454545454546,876.5933014354067,787.0813397129186,840.4497607655502,752.0287081339712,5.349282296650718,4.555023923444976,7.033492822966507,6.574162679425838,5.894736842105263,9.090909090909092,0.19138755980861244,0.1339712918660287,17.67464114832536,14.698564593301436,856.8325358851674,765.665071770335,9.454545454545455,7.856459330143541,15.980861244019138,14.44976076555024,11.502392344497608,13.148325358851675,1.2727272727272727,1.2344497607655502,51.03349282296651,45.43540669856459,43.34928229665072,37.60765550239235,0.11483253588516747,0.07655502392344497,3.7416267942583734,3.674641148325359,0.3444976076555024,0.3349282296650718,0.0,0.10526315789473684,3.4832535885167464,3.6363636363636362,46.58373205741627,40.995215311004785,0.7751196172248804,0.8899521531100478,6.2105263157894735,5.990430622009569,0.8516746411483254,1.014354066985646,0.19138755980861244,0.22009569377990432
Phillips,52.90919846199349,2979.9846199349304,18.632357290742384,668.8405797101449,3.8633540372670807,7.692102928127773,8.0,8095.0,Phillips,8095.0,40.59414276999999,-102.35777030000003,4.833333333333333,0.0,0.0,4.833333333333333,Phillips,50.0,8.0,95.0,6.0,9.0,460.7177033492823,226.1818181818182,234.5358851674641,219.26315789473685,227.1196172248804,2.5933014354066986,0.7368421052631579,1.3971291866028708,2.3157894736842106,1.0717703349282297,1.5598086124401913,0.20095693779904306,0.3349282296650718,1.6555023923444976,2.4688995215311005,220.8133971291866,229.47368421052633,3.0717703349282295,1.6363636363636365,2.210526315789474,3.425837320574163,1.444976076555024,2.0382775119617227,0.3349282296650718,0.49760765550239233,179.73205741626793,189.88516746411483,175.0909090909091,184.79425837320574,1.5885167464114833,0.5550239234449761,0.6220095693779905,0.8421052631578947,1.0717703349282297,1.5598086124401913,0.15311004784688995,0.21052631578947367,1.2057416267942584,1.923444976076555,176.2488038277512,186.6315789473684,1.9425837320574162,1.3110047846889952,1.1483253588516746,1.6172248803827751,1.368421052631579,1.9808612440191387,0.2583732057416268,0.3349282296650718,46.44976076555024,44.65071770334928,44.17224880382775,42.32535885167464,1.0047846889952152,0.18181818181818182,0.7751196172248804,1.4736842105263157,0.0,0.0,0.04784688995215311,0.12440191387559808,0.44976076555023925,0.5454545454545454,44.56459330143541,42.8421052631579,1.1291866028708133,0.3253588516746411,1.062200956937799,1.8086124401913874,0.07655502392344497,0.05741626794258373,0.07655502392344497,0.16267942583732056
Pitkin,37.51702989814916,78325.68771218925,14.266564450772096,339.5697075895302,1.8206658635417807,7.39699923338079,8.0,8097.0,Pitkin,8097.0,39.21720112000001,-106.93100269999996,55.44444444444444,2.1666666666666665,0.0,53.27777777777778,Pitkin,50.0,8.0,97.0,6.0,9.0,1846.3444976076555,969.9043062200957,876.4401913875598,931.3205741626795,836.2583732057416,10.076555023923445,4.803827751196172,5.138755980861244,2.889952153110048,10.564593301435407,18.105263157894736,0.9090909090909091,0.9473684210526315,11.894736842105264,13.435406698564593,942.1722488038278,848.6602870813397,13.425837320574162,8.583732057416269,9.645933014354068,8.248803827751196,14.92822966507177,22.851674641148325,2.0574162679425836,2.0,880.1818181818181,788.5933014354067,848.1626794258373,754.8708133971292,8.956937799043063,3.5598086124401913,2.124401913875598,1.263157894736842,10.057416267942584,17.09090909090909,0.6220095693779905,0.7655502392344498,10.258373205741627,11.043062200956937,857.5119617224881,765.1004784688995,11.808612440191387,6.7272727272727275,5.760765550239235,5.23444976076555,14.057416267942584,21.291866028708135,1.674641148325359,1.6363636363636365,89.72248803827752,87.8468899521531,83.15789473684211,81.38755980861244,1.1196172248803828,1.244019138755981,3.014354066985646,1.6267942583732058,0.507177033492823,1.014354066985646,0.28708133971291866,0.18181818181818182,1.6363636363636365,2.3923444976076556,84.66028708133972,83.5598086124402,1.6172248803827751,1.8564593301435406,3.8851674641148324,3.014354066985646,0.8708133971291866,1.5598086124401913,0.3827751196172249,0.36363636363636365
Prowers,51.02423875170429,3876.8941069534917,17.38221481593698,560.7598848659294,3.836994394788668,7.47008029086502,8.0,8099.0,Prowers,8099.0,37.95544985000001,-102.39260519999999,1.0,0.0,0.0,1.0,Prowers,50.0,8.0,99.0,6.0,9.0,1294.3827751196172,645.2918660287081,649.0909090909091,616.2105263157895,621.8468899521531,5.54066985645933,3.291866028708134,11.799043062200957,10.669856459330143,2.1052631578947367,2.7655502392344498,0.1722488038277512,0.21052631578947367,9.464114832535886,10.30622009569378,625.2057416267943,631.5215311004785,8.564593301435407,6.1913875598086126,16.861244019138756,16.688995215311003,3.665071770334928,4.421052631578948,0.6124401913875598,0.7081339712918661,401.35885167464113,420.555023923445,383.70334928229664,405.7129186602871,5.023923444976076,2.1339712918660285,4.229665071770335,3.7799043062200957,2.0095693779904304,2.650717703349282,0.11483253588516747,0.1722488038277512,6.277511961722488,6.105263157894737,389.70334928229664,411.4354066985646,7.186602870813397,3.971291866028708,7.349282296650718,7.119617224880383,3.0717703349282295,3.751196172248804,0.3923444976076555,0.4784688995215311,243.93301435406698,228.5358851674641,232.5071770334928,216.13397129186603,0.5167464114832536,1.1578947368421053,7.569377990430622,6.889952153110048,0.09569377990430622,0.11483253588516747,0.05741626794258373,0.03827751196172249,3.186602870813397,4.2009569377990434,235.5023923444976,220.08612440191388,1.3779904306220097,2.2200956937799043,9.511961722488039,9.569377990430622,0.5933014354066986,0.6698564593301436,0.22009569377990432,0.22966507177033493
Pueblo,81.09611829944546,4905.710359238125,31.94645985694768,658.9857269147312,4.6453427629992765,11.218082455999356,8.0,8101.0,Pueblo,8101.0,38.17359144,-104.51274370000004,95.77777777777777,6.5,0.0,89.27777777777777,Pueblo,50.0,8.0,101.0,6.0,9.0,17064.287081339713,8399.636363636364,8664.650717703349,7600.8708133971295,7904.564593301436,231.05263157894737,181.96172248803828,261.20574162679424,255.57894736842104,78.29665071770334,94.03827751196172,12.985645933014354,13.760765550239235,215.22488038277513,214.74641148325358,7802.210526315789,8104.66985645933,285.33971291866027,234.8421052631579,393.70334928229664,390.2200956937799,120.06698564593302,134.17224880382776,25.0622009569378,25.36842105263158,4823.138755980861,5026.468899521531,4420.535885167464,4655.531100478469,174.52631578947367,121.4066985645933,54.038277511961724,57.24401913875598,58.07655502392345,74.53588516746412,5.894736842105263,6.947368421052632,110.06698564593302,110.80382775119617,4522.813397129186,4758.267942583732,208.00956937799043,154.70813397129186,109.16746411483254,113.93301435406698,85.80861244019138,101.46411483253588,12.91866028708134,13.578947368421053,3576.497607655502,3638.181818181818,3180.334928229665,3249.0334928229663,56.526315789473685,60.55502392344498,207.16746411483254,198.33492822966508,20.220095693779903,19.502392344497608,7.090909090909091,6.813397129186603,105.15789473684211,103.94258373205741,3279.397129186603,3346.401913875598,77.33014354066985,80.13397129186603,284.53588516746413,276.2870813397129,34.25837320574163,32.708133971291865,12.14354066985646,11.789473684210526
Rio Blanco,44.71817705605029,4745.80015715034,16.256416972236774,734.4594028287062,3.679937139863803,6.592980618124672,8.0,8103.0,Rio Blanco,8103.0,39.97913541000001,-108.21790089999996,1.0,0.0,0.0,1.0,Rio Blanco,50.0,8.0,103.0,6.0,9.0,695.4832535885167,356.82296650717706,338.66028708133973,337.77033492822966,319.85645933014354,4.229665071770335,2.9665071770334928,5.3875598086124405,3.8660287081339715,1.2344497607655502,2.0861244019138754,0.2679425837320574,0.7655502392344498,7.9330143540669855,9.119617224880383,344.9569377990431,328.29665071770336,6.679425837320574,5.483253588516747,9.636363636363637,8.822966507177034,2.9665071770334928,4.038277511961723,0.8229665071770335,1.3492822966507176,317.82775119617224,307.5406698564593,302.1818181818182,291.8086124401914,4.019138755980861,2.6985645933014353,3.7033492822966507,2.909090909090909,1.186602870813397,2.0861244019138754,0.2679425837320574,0.7655502392344498,6.4688995215311005,7.2727272727272725,307.99043062200957,298.6507177033493,6.15311004784689,4.803827751196172,6.91866028708134,6.7272727272727275,2.7177033492822966,3.6842105263157894,0.7464114832535885,1.1291866028708133,38.995215311004785,31.119617224880383,35.588516746411486,28.047846889952154,0.21052631578947367,0.2679425837320574,1.6842105263157894,0.9569377990430622,0.04784688995215311,0.0,0.0,0.0,1.4641148325358853,1.8468899521531101,36.96650717703349,29.645933014354068,0.5263157894736842,0.6794258373205742,2.7177033492822966,2.0956937799043063,0.24880382775119617,0.35406698564593303,0.07655502392344497,0.22009569377990432
Rio Grande,48.356918498925445,9654.330467845924,16.73979170110762,729.3602248305505,3.120681104314763,6.714994213919656,8.0,8105.0,Rio Grande,8105.0,37.5836865,-106.38478379999998,6.555555555555555,0.0,0.0,6.555555555555555,Rio Grande,50.0,8.0,105.0,6.0,9.0,1226.8325358851675,610.1052631578947,616.7272727272727,571.2822966507177,578.5933014354067,4.861244019138756,3.3205741626794256,18.803827751196174,18.8133971291866,2.9760765550239237,3.38755980861244,0.18181818181818182,0.42105263157894735,12.0,12.191387559808613,582.4880382775119,590.066985645933,7.904306220095694,6.3253588516746415,26.583732057416267,26.641148325358852,4.8708133971291865,5.416267942583732,0.7559808612440191,0.9282296650717703,342.3732057416268,346.3732057416268,326.2775119617225,329.23444976076553,2.861244019138756,1.8181818181818181,5.3875598086124405,6.3253588516746415,2.449760765550239,2.3157894736842106,0.15311004784688995,0.36363636363636365,5.244019138755981,6.315789473684211,331.0717703349282,335.1674641148325,4.583732057416268,3.54066985645933,8.066985645933014,9.904306220095695,3.598086124401914,3.6076555023923444,0.44976076555023925,0.6411483253588517,267.73205741626793,270.35406698564594,245.00478468899522,249.35885167464116,2.0,1.5023923444976077,13.416267942583731,12.488038277511961,0.5263157894736842,1.0717703349282297,0.028708133971291867,0.05741626794258373,6.755980861244019,5.875598086124402,251.41626794258374,254.89952153110048,3.3205741626794256,2.784688995215311,18.516746411483254,16.736842105263158,1.2727272727272727,1.8086124401913874,0.3062200956937799,0.28708133971291866
Routt,55.719973346660005,42245.19756788272,21.108334721528124,653.6913210061635,2.894885890388139,11.552945749347549,8.0,8107.0,Routt,8107.0,40.48596505,-106.99055479999998,47.94444444444444,2.0555555555555554,0.0,45.888888888888886,Routt,50.0,8.0,107.0,6.0,9.0,2535.8373205741627,1334.267942583732,1201.5693779904307,1289.846889952153,1156.0861244019138,10.650717703349283,5.37799043062201,8.497607655502392,6.344497607655502,6.889952153110048,12.813397129186603,1.1770334928229664,1.0334928229665072,17.205741626794257,19.913875598086126,1305.3684210526317,1174.2296650717703,14.985645933014354,10.488038277511961,16.392344497607656,14.937799043062201,12.602870813397129,19.818181818181817,2.7464114832535884,2.7559808612440193,1245.0622009569379,1116.6794258373207,1209.9138755980862,1079.5215311004786,9.82775119617225,5.033492822966507,4.497607655502392,3.138755980861244,6.287081339712919,12.133971291866029,1.1578947368421053,0.8995215311004785,13.37799043062201,15.952153110047847,1222.0095693779904,1094.1722488038276,13.090909090909092,9.062200956937799,10.066985645933014,9.186602870813397,11.291866028708133,18.526315789473685,2.488038277511962,2.325358851674641,89.20574162679426,84.88995215311004,79.93301435406698,76.56459330143541,0.8229665071770335,0.3444976076555024,4.0,3.2057416267942584,0.6028708133971292,0.6794258373205742,0.019138755980861243,0.1339712918660287,3.827751196172249,3.9617224880382773,83.35885167464114,80.05741626794259,1.894736842105263,1.4258373205741626,6.3253588516746415,5.751196172248804,1.3110047846889952,1.291866028708134,0.2583732057416268,0.430622009569378
Saguache,32.448457223001405,18853.230014025245,9.998948106591865,529.0518934081347,1.9123422159887797,4.749649368863955,8.0,8109.0,Saguache,8109.0,38.080546290000015,-106.28246599999996,3.0555555555555554,0.0,0.0,3.0555555555555554,Saguache,50.0,8.0,109.0,6.0,9.0,664.622009569378,336.3732057416268,328.2488038277512,311.02392344497605,304.9377990430622,3.1770334928229667,2.124401913875598,10.813397129186603,10.14354066985646,2.602870813397129,3.1674641148325358,0.07655502392344497,0.11483253588516747,8.679425837320574,7.760765550239235,319.09090909090907,312.2200956937799,5.454545454545454,4.239234449760765,16.124401913875598,14.574162679425838,3.9808612440191387,4.516746411483253,0.5454545454545454,0.6698564593301436,210.3444976076555,200.38277511961724,195.96172248803828,186.62200956937798,1.9617224880382775,1.0526315789473684,4.0,4.248803827751196,2.488038277511962,2.861244019138756,0.03827751196172249,0.11483253588516747,5.894736842105263,5.483253588516747,201.4928229665072,191.6937799043062,3.3779904306220097,2.6315789473684212,7.511961722488039,7.157894736842105,3.550239234449761,3.952153110047847,0.3923444976076555,0.583732057416268,126.02870813397129,127.86602870813397,115.0622009569378,118.3157894736842,1.215311004784689,1.0717703349282297,6.813397129186603,5.894736842105263,0.11483253588516747,0.3062200956937799,0.03827751196172249,0.0,2.784688995215311,2.277511961722488,117.59808612440192,120.52631578947368,2.076555023923445,1.6076555023923444,8.61244019138756,7.416267942583732,0.430622009569378,0.5645933014354066,0.15311004784688995,0.0861244019138756
San Juan,20.652173913043477,5880.565217391304,8.782608695652174,622.695652173913,1.434782608695652,2.4347826086956523,8.0,8111.0,San Juan,8111.0,37.76248981,-107.67632890000002,0.25,0.0,0.0,0.25,San Juan,50.0,8.0,111.0,6.0,9.0,74.06698564593302,41.645933014354064,32.421052631578945,39.6267942583732,31.23444976076555,0.04784688995215311,0.019138755980861243,0.2583732057416268,0.15311004784688995,0.3827751196172249,0.3827751196172249,0.0,0.0,1.3301435406698565,0.631578947368421,40.86124401913876,31.80861244019139,0.44019138755980863,0.20095693779904306,0.8325358851674641,0.4784688995215311,0.7177033492822966,0.5358851674641149,0.15311004784688995,0.028708133971291867,36.00956937799043,28.363636363636363,34.622009569377994,27.349282296650717,0.04784688995215311,0.019138755980861243,0.15311004784688995,0.15311004784688995,0.27751196172248804,0.3827751196172249,0.0,0.0,0.9090909090909091,0.45933014354066987,35.464114832535884,27.779904306220097,0.3062200956937799,0.16267942583732056,0.49760765550239233,0.36363636363636365,0.5358851674641149,0.49760765550239233,0.1339712918660287,0.019138755980861243,5.636363636363637,4.057416267942584,5.0047846889952154,3.8851674641148324,0.0,0.0,0.10526315789473684,0.0,0.10526315789473684,0.0,0.0,0.0,0.42105263157894735,0.1722488038277512,5.3971291866028706,4.028708133971292,0.1339712918660287,0.03827751196172249,0.3349282296650718,0.11483253588516747,0.18181818181818182,0.03827751196172249,0.019138755980861243,0.009569377990430622
San Miguel,34.924913310216056,18934.601893838357,13.775006668444918,664.6245665510803,1.734729261136303,6.463456921845825,8.0,8113.0,San Miguel,8113.0,38.00450882999999,-108.40207250000002,15.333333333333334,0.0,0.0,15.333333333333334,San Miguel,50.0,8.0,113.0,6.0,9.0,809.6172248803828,434.1244019138756,375.49282296650716,416.53588516746413,357.5311004784689,3.4066985645933014,1.9521531100478469,6.095693779904306,3.770334928229665,2.8325358851674642,4.162679425837321,0.21052631578947367,0.3253588516746411,5.043062200956938,7.751196172248804,421.17703349282294,364.7177033492823,4.91866028708134,4.2009569377990434,8.239234449760765,7.444976076555024,4.3349282296650715,6.363636363636363,0.5550239234449761,0.8038277511961722,392.25837320574163,339.8755980861244,381.0143540669856,326.38277511961724,2.0956937799043063,1.1004784688995215,2.1818181818181817,1.9712918660287082,2.6985645933014353,4.095693779904306,0.21052631578947367,0.22009569377990432,4.057416267942584,6.105263157894737,384.75598086124404,331.9617224880383,3.3014354066985647,3.0239234449760763,3.722488038277512,4.507177033492823,4.038277511961723,6.028708133971292,0.5263157894736842,0.6507177033492823,41.866028708133975,35.61722488038278,35.52153110047847,31.148325358851675,1.3110047846889952,0.8516746411483254,3.9138755980861246,1.799043062200957,0.1339712918660287,0.06698564593301436,0.0,0.10526315789473684,0.9856459330143541,1.645933014354067,36.421052631578945,32.75598086124402,1.6172248803827751,1.1770334928229664,4.516746411483253,2.937799043062201,0.2966507177033493,0.3349282296650718,0.028708133971291867,0.15311004784688995
Summit,56.65648777173913,99250.4265625,22.40397418478261,603.8484035326087,2.879959239130435,10.23461277173913,8.0,8117.0,Summit,8117.0,39.63803231999999,-106.11507619999999,93.88888888888889,1.0,0.0,92.88888888888889,Summit,50.0,8.0,117.0,6.0,9.0,3074.6315789473683,1671.2153110047848,1403.4162679425838,1599.2153110047848,1344.047846889952,20.47846889952153,10.583732057416269,9.138755980861244,12.92822966507177,17.550239234449762,15.789473684210526,2.124401913875598,1.1100478468899522,22.708133971291865,18.95693779904306,1620.0956937799042,1361.3492822966507,26.33492822966507,15.320574162679426,18.995215311004785,21.22488038277512,25.119617224880383,22.076555023923444,3.799043062200957,2.7942583732057416,1438.755980861244,1195.2153110047848,1383.6746411483255,1154.7464114832535,16.966507177033492,8.124401913875598,3.645933014354067,3.291866028708134,16.248803827751196,15.10047846889952,1.244019138755981,0.8803827751196173,16.976076555023923,13.07177033492823,1399.1961722488038,1166.5550239234449,21.10047846889952,11.578947368421053,9.980861244019138,8.124401913875598,23.129186602870814,20.181818181818183,2.650717703349282,2.1818181818181817,232.45933014354068,208.20095693779905,215.54066985645932,189.30143540669857,3.511961722488038,2.45933014354067,5.492822966507177,9.636363636363637,1.3014354066985645,0.6889952153110048,0.8803827751196173,0.22966507177033493,5.732057416267943,5.885167464114833,220.89952153110048,194.79425837320574,5.23444976076555,3.7416267942583734,9.014354066985646,13.10047846889952,1.9904306220095693,1.894736842105263,1.1483253588516746,0.6124401913875598
Teller,81.39211787037874,5841.4135406309315,33.93193527976137,574.8939708939708,4.530235921540269,12.426285817590166,8.0,8119.0,Teller,8119.0,38.88133511,-105.16148930000003,22.22222222222222,2.0,0.0,20.22222222222222,Teller,50.0,8.0,119.0,6.0,9.0,2496.688995215311,1270.1435406698565,1226.5454545454545,1208.5741626794259,1161.7607655502393,10.296650717703349,6.392344497607655,14.660287081339712,13.69377990430622,6.803827751196172,14.009569377990431,1.6076555023923444,1.167464114832536,28.20095693779904,29.52153110047847,1235.3971291866028,1189.866028708134,16.74641148325359,13.052631578947368,29.550239234449762,29.215311004784688,14.133971291866029,21.86602870813397,2.937799043062201,2.6698564593301435,1196.9952153110048,1150.1722488038276,1146.688995215311,1097.4928229665072,9.4066985645933,5.598086124401914,10.210526315789474,9.37799043062201,5.894736842105263,13.349282296650717,1.2535885167464116,1.0430622009569377,23.54066985645933,23.311004784688997,1168.9856459330144,1119.6076555023924,14.574162679425838,10.956937799043063,22.057416267942585,20.669856459330145,12.842105263157896,20.45933014354067,2.411483253588517,2.2966507177033493,73.14832535885168,76.37320574162679,61.88516746411483,64.26794258373205,0.8899521531100478,0.7942583732057417,4.44976076555024,4.315789473684211,0.9090909090909091,0.6602870813397129,0.35406698564593303,0.12440191387559808,4.660287081339713,6.2105263157894735,66.41148325358851,70.25837320574162,2.172248803827751,2.0956937799043063,7.492822966507177,8.545454545454545,1.291866028708134,1.4066985645933014,0.5263157894736842,0.37320574162679426
Washington,50.28364389233955,19869.543271221533,17.88488612836439,733.455900621118,2.8645962732919257,6.050517598343685,8.0,8121.0,Washington,8121.0,39.97015535000001,-103.202587,5.388888888888889,0.0,0.0,5.388888888888889,Washington,50.0,8.0,121.0,6.0,9.0,505.74162679425837,261.2535885167464,244.48803827751198,253.34928229665073,237.98086124401914,3.0717703349282295,0.9856459330143541,0.7368421052631579,0.5933014354066986,0.8803827751196173,0.8421052631578947,0.24880382775119617,0.21052631578947367,2.9665071770334928,3.875598086124402,256.10526315789474,241.60765550239233,4.047846889952153,2.210526315789474,1.923444976076555,2.4401913875598087,1.6363636363636365,1.7129186602870814,0.6028708133971292,0.44019138755980863,234.61244019138755,224.48803827751198,227.58851674641147,219.13875598086125,3.0239234449760763,0.9665071770334929,0.631578947368421,0.507177033492823,0.6602870813397129,0.6124401913875598,0.10526315789473684,0.0,2.602870813397129,3.263157894736842,230.00956937799043,222.20095693779905,3.8851674641148324,1.9521531100478469,1.569377990430622,2.076555023923445,1.38755980861244,1.3779904306220097,0.45933014354066987,0.19138755980861244,26.641148325358852,20.0,25.760765550239235,18.842105263157894,0.04784688995215311,0.019138755980861243,0.10526315789473684,0.0861244019138756,0.22009569377990432,0.22966507177033493,0.14354066985645933,0.21052631578947367,0.36363636363636365,0.6124401913875598,26.095693779904305,19.406698564593302,0.16267942583732056,0.2583732057416268,0.35406698564593303,0.36363636363636365,0.24880382775119617,0.3349282296650718,0.14354066985645933,0.24880382775119617
Weld,121.75716354049615,8154.661714495634,52.2366237358458,826.2937699887631,6.631029043132509,16.443934220762383,8.0,8123.0,Weld,8123.0,40.55499405,-104.39296209999999,1170.0,68.83333333333333,0.0,1101.1666666666667,Weld,50.0,8.0,123.0,6.0,9.0,28980.392344497606,14556.545454545454,14423.846889952154,13545.78947368421,13499.722488038278,227.08133971291866,162.87081339712918,259.3492822966507,213.07177033492823,200.97607655502392,231.4354066985646,22.401913875598087,18.363636363636363,300.94736842105266,298.38277511961724,13826.526315789473,13778.698564593302,302.8133971291866,238.99521531100478,409.7894736842105,361.8086124401914,291.8468899521531,321.3492822966507,40.344497607655505,36.57416267942584,10281.177033492822,10340.334928229666,9623.177033492822,9747.196172248803,173.3397129186603,111.74162679425838,91.83732057416267,62.73684210526316,180.10526315789474,211.78947368421052,11.923444976076555,9.779904306220097,200.79425837320574,197.0909090909091,9810.68899521531,9932.21052631579,228.65071770334927,168.2200956937799,175.42583732057417,142.4019138755981,251.73205741626793,282.79425837320576,24.736842105263158,22.19138755980861,4275.368421052632,4083.511961722488,3922.6124401913876,3752.5263157894738,53.74162679425837,51.12918660287081,167.51196172248802,150.33492822966508,20.870813397129186,19.645933014354068,10.47846889952153,8.583732057416269,100.1531100478469,101.29186602870813,4015.8373205741627,3846.488038277512,74.16267942583733,70.77511961722487,234.36363636363637,219.4066985645933,40.11483253588517,38.55502392344498,15.607655502392344,14.382775119617225
Yuma,61.0654478414503,8357.41158396067,19.614072822246122,588.7147027193117,4.825165155937932,9.806268243969887,8.0,8125.0,Yuma,8125.0,40.003468389999995,-102.42586729999995,3.9444444444444446,0.0,0.0,3.9444444444444446,Yuma,50.0,8.0,125.0,6.0,9.0,1060.8038277511962,526.7177033492823,534.0861244019138,512.2105263157895,520.6124401913876,2.535885167464115,1.3014354066985645,4.574162679425838,4.114832535885167,2.028708133971292,2.727272727272727,1.2344497607655502,0.861244019138756,4.133971291866029,4.4688995215311005,516.133971291866,524.8995215311005,4.057416267942584,3.0239234449760763,6.822966507177034,6.29665071770335,2.583732057416268,3.397129186602871,1.3110047846889952,0.9569377990430622,404.2392344497608,423.08133971291863,396.3062200956938,414.8708133971292,1.9904306220095693,0.8038277511961722,1.8181818181818181,2.287081339712919,1.014354066985646,1.492822966507177,0.12440191387559808,0.2679425837320574,2.985645933014354,3.3588516746411483,399.1387559808612,418.066985645933,3.1291866028708135,2.15311004784689,3.3588516746411483,3.827751196172249,1.492822966507177,2.047846889952153,0.16267942583732056,0.36363636363636365,122.47846889952153,111.00478468899522,115.90430622009569,105.74162679425838,0.5454545454545454,0.49760765550239233,2.7559808612440193,1.8277511961722488,1.014354066985646,1.2344497607655502,1.1100478468899522,0.5933014354066986,1.1483253588516746,1.1100478468899522,116.99521531100478,106.83253588516746,0.9282296650717703,0.8708133971291866,3.464114832535885,2.4688995215311005,1.0909090909090908,1.3492822966507176,1.1483253588516746,0.5933014354066986
