countyName,device_count,distance_traveled_from_home,completely_home_device_count,median_home_dwell_time,part_time_work_behavior_devices,full_time_work_behavior_devices,stateFIPS,countyFIPS,Admin2,FIPS,Lat,Long_,Confirmed,Deaths,Recovered,Active,CTYNAME,AGEGRP,TOT_POP,TOT_MALE,TOT_FEMALE,WA_MALE,WA_FEMALE,BA_MALE,BA_FEMALE,IA_MALE,IA_FEMALE,AA_MALE,AA_FEMALE,NA_MALE,NA_FEMALE,TOM_MALE,TOM_FEMALE,WAC_MALE,WAC_FEMALE,BAC_MALE,BAC_FEMALE,IAC_MALE,IAC_FEMALE,AAC_MALE,AAC_FEMALE,NAC_MALE,NAC_FEMALE,NH_MALE,NH_FEMALE,NHWA_MALE,NHWA_FEMALE,NHBA_MALE,NHBA_FEMALE,NHIA_MALE,NHIA_FEMALE,NHAA_MALE,NHAA_FEMALE,NHNA_MALE,NHNA_FEMALE,NHTOM_MALE,NHTOM_FEMALE,NHWAC_MALE,NHWAC_FEMALE,NHBAC_MALE,NHBAC_FEMALE,NHIAC_MALE,NHIAC_FEMALE,NHAAC_MALE,NHAAC_FEMALE,NHNAC_MALE,NHNAC_FEMALE,H_MALE,H_FEMALE,HWA_MALE,HWA_FEMALE,HBA_MALE,HBA_FEMALE,HIA_MALE,HIA_FEMALE,HAA_MALE,HAA_FEMALE,HNA_MALE,HNA_FEMALE,HTOM_MALE,HTOM_FEMALE,HWAC_MALE,HWAC_FEMALE,HBAC_MALE,HBAC_FEMALE,HIAC_MALE,HIAC_FEMALE,HAAC_MALE,HAAC_FEMALE,HNAC_MALE,HNAC_FEMALE
Albany,69.8139232120297,15833.466775028503,29.091470742304256,705.3435737836255,3.240309062336302,8.06855298431578,36.0,36001.0,Albany,36001.0,42.60060306000001,-73.97723915999998,732.3888888888889,24.555555555555557,0.0,707.8333333333334,Albany,9.0,32215.425837320574,15592.22966507177,16623.196172248805,12173.444976076555,12921.272727272728,2084.8516746411483,2286.1052631578946,44.57416267942584,46.40191387559808,884.5358851674641,945.3397129186603,9.492822966507177,9.425837320574162,395.33014354066984,414.6507177033493,12525.598086124402,13282.344497607655,2311.5406698564593,2538.6794258373207,123.33971291866028,137.67464114832535,1025.5023923444976,1080.2392344497607,25.52153110047847,26.555023923444978,14733.368421052632,15732.746411483253,11600.421052631578,12340.794258373206,1894.8038277511962,2077.7894736842104,22.679425837320576,25.626794258373206,875.3014354066986,936.3636363636364,6.392344497607655,6.382775119617225,333.77033492822966,345.7894736842105,11896.325358851675,12639.502392344497,2074.8899521531102,2277.464114832536,83.81818181818181,97.95215311004785,1011.1004784688995,1065.4066985645934,19.607655502392344,20.401913875598087,858.8612440191388,890.4497607655502,573.023923444976,580.4784688995215,190.04784688995215,208.31578947368422,21.894736842105264,20.77511961722488,9.23444976076555,8.976076555023923,3.1004784688995217,3.0430622009569377,61.55980861244019,68.86124401913875,629.2727272727273,642.8421052631579,236.65071770334927,261.21531100478467,39.52153110047847,39.72248803827751,14.401913875598087,14.832535885167465,5.913875598086125,6.15311004784689
Allegany,51.28712059064807,17531.475936560022,19.97518457752256,651.8027754990429,2.566447908121411,5.972996992070002,36.0,36003.0,Allegany,36003.0,42.25748406000001,-78.02750465999999,30.61111111111111,1.6111111111111112,0.0,29.0,Allegany,9.0,5041.454545454545,2549.7033492822966,2491.751196172249,2445.215311004785,2399.464114832536,38.01913875598086,25.923444976076556,7.320574162679426,6.956937799043062,26.248803827751196,29.04306220095694,0.5263157894736842,1.1961722488038278,32.3732057416268,29.167464114832537,2474.7081339712918,2426.133971291866,52.411483253588514,39.49282296650718,18.4688995215311,16.057416267942585,36.622009569377994,38.248803827751196,2.028708133971292,2.736842105263158,2510.181818181818,2455.9617224880385,2415.177033492823,2372.334928229665,34.11483253588517,22.995215311004785,5.636363636363637,5.244019138755981,25.789473684210527,28.861244019138756,0.22009569377990432,0.7751196172248804,29.24401913875598,25.751196172248804,2442.0,2396.086124401914,46.48803827751196,34.47846889952153,15.301435406698564,12.995215311004785,35.61722488038278,37.50239234449761,1.569377990430622,2.1435406698564594,39.52153110047847,35.78947368421053,30.038277511961724,27.129186602870814,3.9043062200956937,2.9282296650717705,1.6842105263157894,1.7129186602870814,0.45933014354066987,0.18181818181818182,0.3062200956937799,0.42105263157894735,3.1291866028708135,3.416267942583732,32.708133971291865,30.047846889952154,5.923444976076555,5.014354066985646,3.1674641148325358,3.062200956937799,1.0047846889952152,0.7464114832535885,0.45933014354066987,0.5933014354066986
Broome,44.67345405147622,21509.503981386475,17.246947121985055,680.0317354798618,2.393340751766695,5.075234475483041,36.0,36007.0,Broome,36007.0,42.159031580000004,-75.81326085999997,203.77777777777777,12.333333333333334,0.0,191.44444444444446,Broome,9.0,20762.44976076555,10192.009569377991,10570.440191387559,8908.038277511961,9299.76076555024,578.8325358851674,561.9904306220096,22.583732057416267,26.30622009569378,413.73205741626793,407.1387559808612,6.220095693779904,5.7990430622009566,262.60287081339715,269.444976076555,9151.416267942584,9548.373205741627,730.3732057416267,724.0095693779904,83.86602870813397,88.41148325358851,490.39234449760767,482.04784688995215,16.124401913875598,16.88995215311005,9796.497607655503,10183.56937799043,8624.784688995216,9033.473684210527,510.57416267942585,489.444976076555,17.167464114832537,18.91866028708134,409.60765550239233,401.8086124401914,3.4354066985645932,3.9425837320574164,230.92822966507177,235.98086124401914,8838.507177033493,9251.712918660287,639.8086124401914,627.377990430622,69.22488038277513,71.70334928229666,483.02392344497605,472.8038277511962,12.200956937799043,13.23444976076555,395.511961722488,386.8708133971292,283.2535885167464,266.2870813397129,68.25837320574162,72.54545454545455,5.416267942583732,7.3875598086124405,4.124401913875598,5.330143540669856,2.784688995215311,1.8564593301435406,31.67464114832536,33.464114832535884,312.90909090909093,296.66028708133973,90.56459330143541,96.63157894736842,14.641148325358852,16.708133971291865,7.368421052631579,9.24401913875598,3.923444976076555,3.6555023923444976
Cattaraugus,45.25493058027768,9680.746173015308,18.432146671413314,728.4787824848701,2.378568885724457,4.8950872196511215,36.0,36009.0,Cattaraugus,36009.0,42.247782410000006,-78.67923096000001,36.833333333333336,0.0,0.0,36.833333333333336,Cattaraugus,9.0,8301.35885167464,4112.373205741626,4188.985645933014,3809.5789473684213,3882.813397129187,69.51196172248804,47.645933014354064,126.26794258373205,147.0334928229665,30.16267942583732,31.933014354066987,0.8516746411483254,1.492822966507177,76.0,78.06698564593302,3880.909090909091,3955.818181818182,108.3444976076555,87.49282296650718,155.23444976076556,176.86124401913875,42.75598086124402,44.79425837320574,3.3205741626794256,3.9617224880382773,4032.2105263157896,4111.186602870814,3751.799043062201,3827.502392344498,64.36363636363636,41.97129186602871,117.46411483253588,138.0,28.373205741626794,30.928229665071772,0.8325358851674641,1.38755980861244,69.377990430622,71.39712918660287,3817.0717703349283,3894.5837320574165,99.79904306220095,77.96172248803828,143.2822966507177,164.91866028708134,40.28708133971292,43.100478468899524,3.0239234449760763,3.626794258373206,80.16267942583733,77.79904306220095,57.7799043062201,55.311004784689,5.148325358851674,5.6746411483253585,8.803827751196172,9.033492822966506,1.7894736842105263,1.0047846889952152,0.019138755980861243,0.10526315789473684,6.62200956937799,6.669856459330144,63.83732057416268,61.23444976076555,8.545454545454545,9.5311004784689,11.952153110047847,11.942583732057416,2.4688995215311005,1.69377990430622,0.2966507177033493,0.3349282296650718
Cayuga,48.40330615942029,5976.421988224638,19.76298309178744,692.9273097826087,2.569670893719807,4.859903381642512,36.0,36011.0,Cayuga,36011.0,42.91261713999998,-76.55731592000001,38.72222222222222,1.0,0.0,37.72222222222222,Cayuga,9.0,8302.181818181818,4243.866028708134,4058.315789473684,3845.2631578947367,3858.6985645933014,275.8468899521531,79.88516746411483,21.52153110047847,13.961722488038278,20.76555023923445,26.239234449760765,3.148325358851675,1.5215311004784688,77.32057416267942,78.00956937799043,3917.693779904306,3931.7703349282297,326.4593301435407,131.96172248803828,40.90909090909091,33.291866028708135,32.55502392344498,37.73205741626794,5.70334928229665,4.30622009569378,4104.976076555024,3978.9282296650717,3748.9856459330144,3798.248803827751,247.9712918660287,71.90430622009569,17.52153110047847,11.062200956937799,20.20095693779904,24.660287081339714,1.5789473684210527,1.4354066985645932,68.7177033492823,71.61722488038278,3813.349282296651,3865.5502392344497,292.066985645933,119.0909090909091,34.79425837320574,28.660287081339714,31.215311004784688,35.578947368421055,3.770334928229665,3.875598086124402,138.88995215311004,79.38755980861244,96.27751196172248,60.44976076555024,27.875598086124402,7.980861244019139,4.0,2.8995215311004783,0.5645933014354066,1.5789473684210527,1.569377990430622,0.0861244019138756,8.602870813397129,6.392344497607655,104.3444976076555,66.22009569377991,34.39234449760765,12.870813397129186,6.114832535885167,4.631578947368421,1.3397129186602872,2.15311004784689,1.9330143540669857,0.430622009569378
Chautauqua,46.890114739629304,6503.706804875708,18.05593077247784,716.2986684063087,2.678441229517633,4.785026286503703,36.0,36013.0,Chautauqua,36013.0,42.22769210000001,-79.36691763,26.555555555555557,3.0,0.0,23.555555555555557,Chautauqua,9.0,13905.904306220096,6871.712918660287,7034.191387559808,6429.540669856459,6656.363636363636,218.755980861244,151.99043062200957,45.751196172248804,45.942583732057415,37.004784688995215,46.30622009569378,4.0,2.61244019138756,136.6602870813397,130.97607655502392,6559.665071770335,6780.3253588516745,307.35885167464113,238.35406698564594,82.4401913875598,80.05741626794259,55.588516746411486,64.22009569377991,7.894736842105263,6.373205741626794,6381.1291866028705,6577.291866028708,6023.043062200957,6273.081339712919,176.19138755980862,115.89473684210526,31.11004784688995,32.74641148325359,34.66028708133971,43.97129186602871,1.9425837320574162,1.263157894736842,114.18181818181819,110.33492822966507,6132.0,6378.181818181818,249.12918660287082,187.6267942583732,61.110047846889955,61.014354066985646,51.79904306220096,60.143540669856456,5.119617224880383,4.1913875598086126,490.5837320574163,456.8995215311005,406.4976076555024,383.2822966507177,42.56459330143541,36.09569377990431,14.641148325358852,13.196172248803828,2.3444976076555024,2.334928229665072,2.0574162679425836,1.3492822966507176,22.47846889952153,20.641148325358852,427.6650717703349,402.14354066985646,58.229665071770334,50.72727272727273,21.330143540669855,19.04306220095694,3.789473684210526,4.076555023923445,2.77511961722488,2.1818181818181817
Chemung,57.558424891226096,5248.810467336526,23.93589382414624,769.3800356841018,3.2810592543900836,5.6793439133564965,36.0,36015.0,Chemung,36015.0,42.13891056,-76.76388049999998,81.44444444444444,1.0,0.0,80.44444444444444,Chemung,9.0,9200.947368421053,4575.406698564593,4625.540669856459,3973.1100478468898,4202.105263157895,398.488038277512,214.62200956937798,15.799043062200957,13.167464114832535,57.665071770334926,65.27272727272727,1.5598086124401913,1.5598086124401913,128.7846889952153,128.8133971291866,4095.55980861244,4324.784688995215,486.9665071770335,304.555023923445,42.047846889952154,38.90909090909091,78.32535885167464,85.0909090909091,4.956937799043062,5.100478468899522,4423.062200956938,4518.344497607655,3871.177033492823,4124.88995215311,367.73205741626793,200.6315789473684,12.822966507177034,10.114832535885167,54.92822966507177,64.56459330143541,0.7942583732057417,0.861244019138756,115.60765550239235,117.2822966507177,3981.282296650718,4236.736842105263,446.8421052631579,282.1244019138756,35.70334928229665,32.94736842105263,74.30622009569377,83.5311004784689,3.712918660287081,4.057416267942584,152.3444976076555,107.19617224880383,101.93301435406698,77.2153110047847,30.75598086124402,13.990430622009569,2.9760765550239237,3.0526315789473686,2.736842105263158,0.7081339712918661,0.7655502392344498,0.6985645933014354,13.177033492822966,11.5311004784689,114.27751196172248,88.04784688995215,40.1244019138756,22.43062200956938,6.344497607655502,5.961722488038277,4.019138755980861,1.5598086124401913,1.244019138755981,1.0430622009569377
Chenango,47.752202330207446,10269.078317703894,17.69212844558113,680.700880932083,2.718840579710145,4.810571184995737,36.0,36017.0,Chenango,36017.0,42.494300410000015,-75.60887552999999,80.16666666666667,0.0,0.0,80.16666666666667,Chenango,9.0,5193.100478468899,2591.2727272727275,2601.8277511961724,2505.3875598086124,2529.8947368421054,25.263157894736842,18.90909090909091,10.61244019138756,9.167464114832535,12.028708133971293,13.82775119617225,0.35406698564593303,0.42105263157894735,37.6267942583732,29.607655502392344,2540.5645933014353,2557.5789473684213,39.43540669856459,31.435406698564595,26.94736842105263,20.708133971291865,20.861244019138756,20.717703349282296,1.9330143540669857,1.5980861244019138,2536.8516746411483,2551.7703349282297,2458.095693779904,2486.44019138756,22.784688995215312,16.42105263157895,8.89952153110048,7.090909090909091,11.636363636363637,13.263157894736842,0.24880382775119617,0.3157894736842105,35.186602870813395,28.239234449760765,2490.995215311005,2512.9473684210525,35.70334928229665,28.172248803827753,24.32535885167464,18.076555023923444,20.172248803827753,19.980861244019138,1.6267942583732058,1.4162679425837321,54.421052631578945,50.057416267942585,47.291866028708135,43.45454545454545,2.478468899521531,2.488038277511962,1.7129186602870814,2.076555023923445,0.3923444976076555,0.5645933014354066,0.10526315789473684,0.10526315789473684,2.4401913875598087,1.368421052631579,49.569377990430624,44.63157894736842,3.7320574162679425,3.263157894736842,2.6220095693779903,2.6315789473684212,0.6889952153110048,0.7368421052631579,0.3062200956937799,0.18181818181818182
Clinton,35.61921778836609,10382.305406657402,14.599430878168222,638.7548143736351,1.9252862153398187,4.054232016411885,36.0,36019.0,Clinton,36019.0,44.745309050000024,-73.67875352000003,51.27777777777778,3.3333333333333335,0.0,47.94444444444444,Clinton,9.0,8567.11004784689,4397.598086124402,4169.511961722488,3973.904306220096,3959.2057416267944,297.14832535885165,66.9090909090909,18.928229665071772,14.392344497607656,46.047846889952154,65.5311004784689,1.0813397129186604,1.8851674641148326,60.48803827751196,61.588516746411486,4028.775119617225,4015.2727272727275,323.21531100478467,95.38755980861244,41.54066985645933,36.25837320574163,62.516746411483254,81.99043062200957,4.1913875598086126,5.023923444976076,4249.464114832536,4086.488038277512,3867.77990430622,3893.8277511961724,265.9712918660287,58.83253588516747,16.19138755980861,13.090909090909092,45.377990430622006,64.66028708133972,0.6985645933014354,1.062200956937799,53.44497607655502,55.014354066985646,3916.2105263157896,3944.2392344497607,287.85645933014354,83.41626794258373,36.21052631578947,32.2200956937799,61.0622009569378,80.35406698564593,3.4066985645933014,3.4832535885167464,148.13397129186603,83.02392344497608,106.1244019138756,65.377990430622,31.177033492822968,8.076555023923445,2.736842105263158,1.3014354066985645,0.6698564593301436,0.8708133971291866,0.3827751196172249,0.8229665071770335,7.043062200956938,6.574162679425838,112.56459330143541,71.03349282296651,35.35885167464115,11.971291866028707,5.330143540669856,4.038277511961723,1.4545454545454546,1.6363636363636365,0.784688995215311,1.5406698564593302
Columbia,40.43078462621845,7194.927430413995,16.823801934694785,746.5036507171714,2.0994774100292797,3.9027834401986583,36.0,36021.0,Columbia,36021.0,42.24819348000002,-73.63089095000002,118.72222222222223,11.222222222222221,0.0,107.5,Columbia,9.0,6515.626794258374,3272.8803827751194,3242.7464114832537,2958.3827751196172,2966.44019138756,184.08612440191388,139.19617224880383,9.578947368421053,8.47846889952153,54.15311004784689,59.92344497607655,2.2583732057416266,0.937799043062201,64.42105263157895,67.77033492822966,3018.066985645933,3029.502392344498,222.87081339712918,179.41626794258374,25.023923444976077,25.56937799043062,68.19138755980862,74.22966507177034,4.794258373205742,3.617224880382775,3120.4306220095696,3115.6363636363635,2838.8612440191387,2864.6794258373207,164.87081339712918,126.20095693779905,4.889952153110048,4.574162679425838,53.119617224880386,58.74641148325359,1.0909090909090908,0.8803827751196173,57.59808612440192,60.55502392344498,2892.133971291866,2920.976076555024,198.8133971291866,161.48325358851676,18.60287081339713,19.69377990430622,66.52631578947368,72.42105263157895,3.3779904306220097,3.148325358851675,152.44976076555025,127.11004784688996,119.52153110047847,101.76076555023923,19.215311004784688,12.995215311004785,4.688995215311005,3.9043062200956937,1.0334928229665072,1.1770334928229664,1.167464114832536,0.05741626794258373,6.822966507177034,7.215311004784689,125.93301435406698,108.52631578947368,24.057416267942585,17.933014354066987,6.421052631578948,5.875598086124402,1.6650717703349283,1.8086124401913874,1.4162679425837321,0.4688995215311005
Cortland,44.80331543861719,14780.253259394725,17.514187953513066,729.197451477789,2.4611527343519555,5.5381393428116334,36.0,36023.0,Cortland,36023.0,42.59509206999999,-76.07048931000001,25.055555555555557,0.0,0.0,25.055555555555557,Cortland,9.0,5127.6746411483255,2500.334928229665,2627.33971291866,2378.9473684210525,2503.5789473684213,51.02392344497608,39.08133971291866,7.684210526315789,8.775119617224881,19.291866028708135,30.095693779904305,0.5263157894736842,0.6602870813397129,42.86124401913876,45.14832535885167,2418.5167464114834,2545.7224880382773,72.23923444976077,61.39712918660287,21.741626794258373,23.942583732057415,29.85645933014354,40.77511961722488,2.449760765550239,2.5645933014354068,2435.933014354067,2564.3827751196172,2327.215311004785,2452.6124401913876,45.186602870813395,33.1578947368421,5.827751196172249,7.416267942583732,18.8133971291866,29.875598086124402,0.3157894736842105,0.3444976076555024,38.57416267942584,40.97607655502392,2362.956937799043,2490.870813397129,63.70334928229665,52.985645933014354,18.354066985645932,21.023923444976077,28.74641148325359,39.961722488038276,1.8373205741626795,2.028708133971292,64.40191387559808,62.95693779904306,51.73205741626794,50.96650717703349,5.837320574162679,5.923444976076555,1.8564593301435406,1.3588516746411483,0.4784688995215311,0.22009569377990432,0.21052631578947367,0.3157894736842105,4.287081339712919,4.172248803827751,55.55980861244019,54.85167464114833,8.535885167464114,8.411483253588516,3.38755980861244,2.9186602870813396,1.1100478468899522,0.8133971291866029,0.6124401913875598,0.5358851674641149
Delaware,27.268056475865233,10217.913626855772,11.056628778225189,581.8414801977675,1.6997808247107395,3.0983740251796728,36.0,36025.0,Delaware,36025.0,42.19837623,-74.96709306000001,51.77777777777778,3.6666666666666665,0.0,48.111111111111114,Delaware,9.0,4908.43062200957,2469.5215311004786,2438.909090909091,2356.7464114832537,2339.6172248803828,55.89473684210526,34.65071770334928,8.095693779904305,8.229665071770334,17.464114832535884,25.57894736842105,0.937799043062201,0.9952153110047847,30.382775119617225,29.83732057416268,2383.5502392344497,2366.095693779904,69.6842105263158,49.74162679425837,19.291866028708135,18.842105263157894,25.71291866028708,32.880382775119614,2.937799043062201,2.9760765550239237,2383.004784688995,2352.0382775119615,2286.9282296650717,2267.186602870813,45.72248803827751,29.349282296650717,6.0669856459330145,5.244019138755981,16.535885167464116,23.339712918660286,0.4019138755980861,0.6507177033492823,27.349282296650717,26.267942583732058,2311.0717703349283,2290.507177033493,57.80861244019139,42.21052631578947,16.114832535885167,14.564593301435407,24.373205741626794,30.19138755980861,2.1052631578947367,2.4688995215311005,86.51674641148325,86.87081339712918,69.81818181818181,72.43062200956938,10.17224880382775,5.301435406698564,2.028708133971292,2.985645933014354,0.9282296650717703,2.2392344497607657,0.5358851674641149,0.3444976076555024,3.0334928229665072,3.569377990430622,72.47846889952153,75.58851674641149,11.875598086124402,7.5311004784688995,3.1770334928229667,4.277511961722488,1.3397129186602872,2.688995215311005,0.8325358851674641,0.507177033492823
Dutchess,51.32920476198801,9247.43093019597,23.115623306469942,803.6955317028827,2.48153068894988,4.882261419855602,36.0,36027.0,Dutchess,36027.0,41.76486060000001,-73.74356678999999,2346.222222222222,26.88888888888889,0.0,2319.3333333333335,Dutchess,9.0,31134.83253588517,15491.645933014353,15643.186602870814,12679.531100478469,12995.234449760766,1812.5167464114832,1603.1866028708134,73.23444976076556,67.72248803827752,555.6267942583733,601.1387559808612,11.119617224880383,10.937799043062201,359.61722488038276,364.9665071770335,12998.162679425837,13317.425837320574,2025.598086124402,1824.3349282296651,162.92822966507177,159.95215311004785,661.0143540669857,706.8229665071771,25.205741626794257,25.282296650717704,13664.66985645933,13963.521531100478,11208.344497607655,11627.043062200957,1606.047846889952,1429.511961722488,22.794258373205743,26.74641148325359,543.7799043062201,586.5933014354067,5.186602870813397,5.167464114832536,278.51674641148327,288.4593301435407,11453.31100478469,11879.971291866028,1761.4641148325359,1595.9904306220096,87.67464114832536,96.37320574162679,641.2344497607655,683.5502392344498,15.866028708133971,15.69377990430622,1826.9760765550238,1679.6650717703349,1471.1866028708134,1368.1913875598086,206.4688995215311,173.67464114832535,50.44019138755981,40.97607655502392,11.84688995215311,14.545454545454545,5.9330143540669855,5.770334928229665,81.10047846889952,76.50717703349282,1544.8516746411483,1437.4545454545455,264.13397129186603,228.3444976076555,75.2535885167464,63.578947368421055,19.779904306220097,23.272727272727273,9.339712918660288,9.588516746411484
Erie,65.99261698032639,9791.285647979108,29.30445209082414,823.9870008107088,3.0653146602140025,6.693255026703881,36.0,36029.0,Erie,36029.0,42.762490240000005,-78.73063651999999,2322.722222222222,148.44444444444446,0.0,2174.277777777778,Erie,9.0,96814.81339712918,46772.038277511965,50042.775119617225,37885.674641148325,40085.760765550236,6233.971291866029,7188.794258373206,329.1578947368421,361.58851674641147,1469.3014354066986,1499.1196172248804,18.248803827751196,21.54066985645933,835.6842105263158,885.9712918660288,38642.43062200957,40879.88516746411,6727.406698564593,7725.732057416268,533.6172248803828,588.2583732057416,1718.1148325358852,1752.8038277511962,43.72248803827751,49.186602870813395,44399.78947368421,47577.818181818184,36076.92822966507,38238.27751196172,5891.368421052632,6797.502392344498,259.7511961722488,288.9856459330144,1450.0861244019138,1478.6315789473683,9.732057416267942,12.545454545454545,711.9234449760766,761.8755980861245,36720.55502392344,38919.75119617225,6296.775119617225,7244.468899521531,424.9952153110048,475.95215311004785,1685.8373205741627,1719.3397129186603,30.535885167464116,34.985645933014354,2372.248803827751,2464.956937799043,1808.7464114832535,1847.4832535885168,342.60287081339715,391.2918660287081,69.4066985645933,72.60287081339713,19.215311004784688,20.48803827751196,8.516746411483254,8.995215311004785,123.76076555023923,124.09569377990431,1921.8755980861245,1960.133971291866,430.63157894736844,481.2631578947368,108.622009569378,112.30622009569377,32.27751196172249,33.464114832535884,13.186602870813397,14.200956937799043
Essex,35.89005132254244,6668.779362416108,15.698035925779708,701.3045302013422,1.9094453217528622,3.93002368732728,36.0,36031.0,Essex,36031.0,44.11630764999998,-73.77297842000002,18.944444444444443,0.0,0.0,18.944444444444443,Essex,9.0,4053.0526315789475,2099.818181818182,1953.2344497607655,1935.4641148325359,1900.5741626794259,109.55023923444976,8.746411483253588,14.210526315789474,5.770334928229665,12.78468899521531,16.363636363636363,1.1196172248803828,0.3444976076555024,26.688995215311003,21.435406698564595,1959.4066985645934,1920.1148325358852,119.70334928229666,16.3444976076555,27.79904306220096,17.04306220095694,17.80861244019139,20.401913875598087,2.736842105263158,1.3971291866028708,2011.1196172248804,1927.846889952153,1873.7129186602872,1878.7177033492824,94.3157894736842,7.588516746411483,5.952153110047847,5.2631578947368425,12.44976076555024,16.095693779904305,0.9090909090909091,0.2966507177033493,23.779904306220097,19.885167464114833,1894.9856459330144,1896.8038277511962,103.11004784688996,14.30622009569378,18.019138755980862,15.799043062200957,17.0622009569378,20.019138755980862,2.430622009569378,1.3014354066985645,88.69856459330144,25.38755980861244,61.751196172248804,21.85645933014354,15.23444976076555,1.1578947368421053,8.258373205741627,0.507177033492823,0.3349282296650718,0.2679425837320574,0.21052631578947367,0.04784688995215311,2.909090909090909,1.5502392344497609,64.42105263157895,23.311004784688997,16.593301435406698,2.0382775119617227,9.779904306220097,1.244019138755981,0.7464114832535885,0.3827751196172249,0.3062200956937799,0.09569377990430622
Franklin,44.883187648995346,5865.714707552527,17.707344761039845,730.9046429787717,2.4315472811896925,5.234816664774662,36.0,36033.0,Franklin,36033.0,44.59040890999998,-74.29926032000002,13.222222222222221,0.0,0.0,13.222222222222221,Franklin,9.0,5386.210526315789,2961.818181818182,2424.3923444976076,2380.622009569378,2162.5167464114834,334.5645933014354,10.775119617224881,198.7177033492823,204.97607655502392,12.258373205741627,11.980861244019138,0.5263157894736842,0.7655502392344498,35.12918660287081,33.377990430622006,2413.3588516746413,2193.9904306220096,346.1626794258373,21.339712918660286,216.66985645933013,222.39234449760767,19.425837320574164,18.411483253588518,1.7894736842105263,2.076555023923445,2822.8803827751194,2388.976076555024,2291.492822966507,2134.7272727272725,293.70334928229664,10.248803827751196,193.42583732057417,200.29665071770336,11.83732057416268,11.885167464114833,0.3157894736842105,0.7368421052631579,32.10526315789474,31.08133971291866,2321.4162679425835,2164.0765550239234,304.0382775119617,19.617224880382775,209.7799043062201,216.688995215311,18.679425837320576,18.114832535885167,1.4545454545454546,1.9712918660287082,138.9377990430622,35.41626794258373,89.12918660287082,27.789473684210527,40.86124401913876,0.5263157894736842,5.291866028708134,4.679425837320574,0.42105263157894735,0.09569377990430622,0.21052631578947367,0.028708133971291867,3.0239234449760763,2.2966507177033493,91.94258373205741,29.913875598086126,42.1244019138756,1.722488038277512,6.889952153110048,5.70334928229665,0.7464114832535885,0.2966507177033493,0.3349282296650718,0.10526315789473684
Fulton,41.911426978818284,5456.356856187291,16.576978818283166,829.422519509476,2.48355629877369,4.14108138238573,36.0,36035.0,Fulton,36035.0,43.113639069999984,-74.41798803999998,36.166666666666664,0.0,0.0,36.166666666666664,Fulton,9.0,5737.387559808612,2845.224880382775,2892.1626794258373,2704.4593301435407,2784.6698564593303,76.4688995215311,39.69377990430622,8.200956937799043,6.29665071770335,15.559808612440191,20.401913875598087,0.8516746411483254,0.8899521531100478,39.68421052631579,40.21052631578947,2740.909090909091,2821.885167464115,97.71291866028709,60.79425837320574,20.32535885167464,19.320574162679424,23.559808612440193,28.4688995215311,3.3205741626794256,2.9282296650717705,2762.9665071770337,2822.1435406698565,2635.5885167464116,2725.492822966507,68.08612440191388,33.7799043062201,6.7368421052631575,4.899521531100478,15.4066985645933,20.267942583732058,0.7368421052631579,0.6794258373205742,36.411483253588514,37.02392344497608,2669.023923444976,2759.732057416268,87.08133971291866,52.688995215311,17.99043062200957,16.91866028708134,23.11004784688995,28.124401913875598,2.9473684210526314,2.583732057416268,82.25837320574162,70.01913875598086,68.87081339712918,59.177033492822964,8.382775119617225,5.913875598086125,1.4641148325358853,1.3971291866028708,0.15311004784688995,0.1339712918660287,0.11483253588516747,0.21052631578947367,3.272727272727273,3.186602870813397,71.88516746411483,62.15311004784689,10.631578947368421,8.105263157894736,2.334928229665072,2.401913875598086,0.44976076555023925,0.3444976076555024,0.37320574162679426,0.3444976076555024
Genesee,50.61825470243602,7270.034359719836,20.529359940090746,735.4260605259681,2.8689925553940356,5.354742081846615,36.0,36037.0,Genesee,36037.0,43.00226010000002,-78.19135193000001,111.5,2.2222222222222223,0.0,109.27777777777777,Genesee,9.0,6212.564593301436,3085.6076555023924,3126.956937799043,2865.693779904306,2939.8947368421054,109.34928229665071,73.24401913875599,34.8421052631579,37.43540669856459,18.641148325358852,21.119617224880383,0.3157894736842105,0.3349282296650718,56.76555023923445,54.92822966507177,2918.1052631578946,2990.8899521531102,144.5358851674641,107.97129186602871,49.20574162679426,50.995215311004785,29.11004784688995,30.851674641148325,2.7464114832535884,2.354066985645933,2980.7942583732056,3048.0382775119615,2783.349282296651,2878.086124401914,96.92822966507177,64.43062200956938,32.19138755980861,35.33971291866029,18.258373205741627,20.526315789473685,0.10526315789473684,0.12440191387559808,49.961722488038276,49.5311004784689,2829.5406698564593,2924.095693779904,127.24401913875599,95.377990430622,44.79425837320574,47.4066985645933,28.124401913875598,29.79904306220096,2.1148325358851676,1.9808612440191387,104.8133971291866,78.91866028708134,82.3444976076555,61.80861244019139,12.421052631578947,8.813397129186603,2.650717703349282,2.0956937799043063,0.3827751196172249,0.5933014354066986,0.21052631578947367,0.21052631578947367,6.803827751196172,5.3971291866028706,88.56459330143541,66.79425837320574,17.291866028708135,12.5933014354067,4.411483253588517,3.588516746411483,0.9856459330143541,1.0526315789473684,0.631578947368421,0.37320574162679426
Greene,42.707399158624106,7427.278990348924,17.353724325661965,712.7603068547389,2.227517941103687,4.092204899777283,36.0,36039.0,Greene,36039.0,42.275797000000004,-74.12384883999997,85.5,1.6666666666666667,0.0,83.83333333333333,Greene,9.0,5085.11004784689,2654.0478468899523,2431.062200956938,2322.6794258373207,2288.4593301435407,249.74162679425837,62.58373205741627,10.239234449760765,8.679425837320574,24.95693779904306,25.444976076555022,1.2822966507177034,1.0430622009569377,45.14832535885167,44.85167464114833,2363.8564593301435,2329.684210526316,274.90909090909093,87.82775119617224,23.416267942583733,21.83732057416268,34.411483253588514,34.55502392344498,3.550239234449761,3.0334928229665072,2487.6076555023924,2324.3827751196172,2190.4114832535884,2197.9617224880385,224.60287081339712,54.2200956937799,7.741626794258373,6.488038277511961,24.047846889952154,24.3444976076555,0.8421052631578947,1.0334928229665072,39.961722488038276,40.334928229665074,2226.6124401913876,2234.870813397129,246.4019138755981,76.4401913875598,19.38755980861244,18.43062200956938,33.13875598086124,33.02392344497608,2.9282296650717705,2.889952153110048,166.44019138755982,106.67942583732058,132.26794258373207,90.49760765550239,25.138755980861244,8.363636363636363,2.4976076555023923,2.1913875598086126,0.9090909090909091,1.1004784688995215,0.44019138755980863,0.009569377990430622,5.186602870813397,4.516746411483253,137.244019138756,94.8133971291866,28.507177033492823,11.38755980861244,4.028708133971292,3.4066985645933014,1.2727272727272727,1.5311004784688995,0.6220095693779905,0.14354066985645933
Hamilton,24.26861226920786,37635.112269207864,10.730792138177486,802.5598570577724,1.4130434782608696,2.5696843359142347,36.0,36041.0,Hamilton,36041.0,43.66146647000002,-74.49721956999998,3.0,0.0,0.0,3.0,Hamilton,9.0,495.6267942583732,250.65071770334927,244.97607655502392,242.87081339712918,237.9043062200957,2.5933014354066986,1.5885167464114833,0.7559808612440191,0.6698564593301436,1.0430622009569377,1.7894736842105263,0.21052631578947367,0.21052631578947367,3.1770334928229667,2.813397129186603,245.9043062200957,240.61244019138755,3.617224880382775,2.7177033492822966,2.6698564593301435,2.028708133971292,1.4545454545454546,2.2200956937799043,0.2966507177033493,0.27751196172248804,247.44497607655504,241.79904306220095,240.00956937799043,235.2822966507177,2.5645933014354068,1.3779904306220097,0.6507177033492823,0.5645933014354066,1.0430622009569377,1.7894736842105263,0.21052631578947367,0.21052631578947367,2.9665071770334928,2.574162679425837,242.83253588516746,237.77033492822966,3.492822966507177,2.411483253588517,2.4688995215311005,1.7799043062200957,1.4162679425837321,2.172248803827751,0.2966507177033493,0.2679425837320574,3.2057416267942584,3.1770334928229667,2.861244019138756,2.6220095693779903,0.028708133971291867,0.21052631578947367,0.10526315789473684,0.10526315789473684,0.0,0.0,0.0,0.0,0.21052631578947367,0.23923444976076555,3.0717703349282295,2.8421052631578947,0.12440191387559808,0.3062200956937799,0.20095693779904306,0.24880382775119617,0.03827751196172249,0.04784688995215311,0.0,0.009569377990430622
Herkimer,40.104108073216835,8439.945594541012,16.470330582322838,778.4899718751441,2.3940246207755083,3.9166858776338236,36.0,36043.0,Herkimer,36043.0,43.420342460000015,-74.96145307000003,49.333333333333336,3.0,0.0,46.333333333333336,Herkimer,9.0,6683.665071770335,3288.6698564593303,3394.995215311005,3177.7416267942585,3286.1435406698565,45.55980861244019,35.44497607655502,9.83732057416268,9.492822966507177,13.368421052631579,21.961722488038276,0.9569377990430622,0.7368421052631579,41.20574162679426,41.21531100478469,3216.9856459330144,3324.8612440191387,67.93301435406698,58.535885167464116,21.86602870813397,21.54066985645933,21.37799043062201,29.71291866028708,2.248803827751196,2.124401913875598,3222.5454545454545,3335.043062200957,3124.622009569378,3239.377990430622,40.08612440191388,30.181818181818183,8.200956937799043,7.971291866028708,13.119617224880383,20.880382775119617,0.6411483253588517,0.4880382775119617,35.8755980861244,36.143540669856456,3158.7272727272725,3273.3014354066986,59.12918660287081,49.952153110047846,18.4688995215311,18.42105263157895,20.698564593301434,28.220095693779903,1.770334928229665,1.722488038277512,66.1244019138756,59.952153110047846,53.119617224880386,46.76555023923445,5.473684210526316,5.2631578947368425,1.6363636363636365,1.5215311004784688,0.24880382775119617,1.0813397129186604,0.3157894736842105,0.24880382775119617,5.330143540669856,5.07177033492823,58.25837320574163,51.55980861244019,8.803827751196172,8.583732057416269,3.397129186602871,3.1196172248803826,0.6794258373205742,1.492822966507177,0.4784688995215311,0.4019138755980861
Jefferson,72.23537732671711,6674.615241260076,30.405505534723936,671.450479376698,3.5624761434313044,7.675932370837731,36.0,36045.0,Jefferson,36045.0,44.04200959000001,-75.94653457000001,53.5,0.0,0.0,53.5,Jefferson,9.0,12228.162679425837,6355.655502392345,5872.507177033493,5561.521531100479,5283.6746411483255,472.3636363636364,279.09090909090907,41.43540669856459,35.51196172248804,89.01435406698565,95.2153110047847,19.770334928229666,19.071770334928228,171.55023923444975,159.94258373205741,5718.909090909091,5430.832535885167,559.5215311004785,364.2870813397129,87.47368421052632,77.02392344497608,140.45933014354068,140.688995215311,29.6555023923445,28.31578947368421,5883.205741626794,5535.282296650717,5188.822966507177,5016.650717703349,420.3349282296651,249.27272727272728,30.641148325358852,26.086124401913874,80.61244019138756,89.33014354066985,15.349282296650717,15.84688995215311,147.44497607655504,138.0956937799043,5323.617224880383,5143.282296650717,494.0,320.42105263157896,67.93301435406698,60.60287081339713,128.88995215311004,132.4306220095694,24.019138755980862,24.105263157894736,472.44976076555025,337.2248803827751,372.69856459330146,267.02392344497605,52.02870813397129,29.818181818181817,10.794258373205741,9.425837320574162,8.401913875598087,5.885167464114833,4.421052631578948,3.22488038277512,24.105263157894736,21.84688995215311,395.2918660287081,287.55023923444975,65.52153110047847,43.866028708133975,19.54066985645933,16.42105263157895,11.569377990430622,8.258373205741627,5.636363636363637,4.2105263157894735
Lewis,37.57208803005904,8857.281803542674,14.407192699946323,769.4223295759527,2.246376811594203,3.5947396672034353,36.0,36049.0,Lewis,36049.0,43.78441569999998,-75.44903991999998,8.222222222222221,0.0,0.0,8.222222222222221,Lewis,9.0,2834.153110047847,1432.2296650717703,1401.9234449760766,1394.956937799043,1368.66985645933,13.138755980861244,9.511961722488039,4.7368421052631575,3.1196172248803826,4.095693779904306,5.779904306220096,1.368421052631579,0.9760765550239234,13.933014354066986,13.866028708133971,1407.866028708134,1381.3397129186603,18.95693779904306,15.69377990430622,10.641148325358852,8.803827751196172,6.822966507177034,8.382775119617225,2.0861244019138754,1.7033492822966507,1405.2918660287082,1384.7177033492824,1372.909090909091,1355.2344497607655,11.511961722488039,8.16267942583732,3.2535885167464116,2.535885167464115,4.0,5.607655502392345,1.3110047846889952,0.937799043062201,12.30622009569378,12.239234449760765,1384.2583732057417,1366.3636363636363,16.555023923444978,13.368421052631579,8.47846889952153,7.598086124401914,6.545454545454546,8.114832535885167,1.9330143540669857,1.6172248803827751,26.9377990430622,17.205741626794257,22.047846889952154,13.435406698564593,1.6267942583732058,1.3492822966507176,1.4832535885167464,0.583732057416268,0.09569377990430622,0.1722488038277512,0.05741626794258373,0.03827751196172249,1.6267942583732058,1.6267942583732058,23.607655502392344,14.976076555023923,2.401913875598086,2.325358851674641,2.1626794258373208,1.2057416267942584,0.27751196172248804,0.2679425837320574,0.15311004784688995,0.0861244019138756
Livingston,76.81718888373466,10662.644920507739,32.73816050267786,758.3903765866825,3.849576181841184,7.920718593176739,36.0,36051.0,Livingston,36051.0,42.72596275,-77.77966158000001,44.111111111111114,3.8333333333333335,0.0,40.27777777777778,Livingston,9.0,6790.717703349283,3409.224880382775,3381.492822966507,3161.8086124401916,3226.153110047847,145.32057416267943,43.933014354066984,13.08133971291866,9.55023923444976,40.057416267942585,48.813397129186605,1.7894736842105263,1.1578947368421053,47.16746411483253,51.88516746411483,3205.933014354067,3274.373205741627,164.45933014354068,65.20574162679426,28.258373205741627,26.27751196172249,55.36842105263158,65.57894736842105,4.15311004784689,3.4832535885167464,3280.535885167464,3294.717703349282,3058.9282296650717,3155.090909090909,129.79904306220095,36.61244019138756,9.741626794258373,7.07177033492823,38.60287081339713,48.066985645933016,0.7177033492822966,0.6602870813397129,42.74641148325359,47.21531100478469,3098.8612440191387,3199.0813397129186,146.1244019138756,55.4066985645933,23.301435406698566,21.961722488038276,53.26315789473684,63.90430622009569,2.602870813397129,2.7655502392344498,128.688995215311,86.77511961722487,102.88038277511961,71.0622009569378,15.52153110047847,7.320574162679426,3.339712918660287,2.478468899521531,1.4545454545454546,0.7464114832535885,1.0717703349282297,0.49760765550239233,4.421052631578948,4.669856459330144,107.07177033492823,75.29186602870813,18.33492822966507,9.799043062200957,4.956937799043062,4.315789473684211,2.1052631578947367,1.674641148325359,1.5502392344497609,0.7177033492822966
Madison,63.85942028985507,64666.22173913044,22.651966873706005,554.2049689440994,2.8306418219461698,9.65776397515528,36.0,36053.0,Madison,36053.0,42.91653904999999,-75.67266638999997,115.72222222222223,4.333333333333333,0.0,111.38888888888889,Madison,9.0,7606.459330143541,3740.870813397129,3865.5885167464116,3559.531100478469,3680.5167464114834,78.53588516746412,64.4401913875598,24.31578947368421,30.708133971291865,25.69377990430622,37.0622009569378,1.3110047846889952,1.0334928229665072,51.483253588516746,51.82775119617225,3607.8086124401916,3727.7416267942585,102.29665071770334,90.09569377990431,39.34928229665072,46.91866028708134,41.03349282296651,51.49282296650718,3.617224880382775,3.588516746411483,3661.7224880382773,3792.2296650717703,3497.282296650718,3625.9425837320573,70.33492822966507,56.54545454545455,20.497607655502392,25.464114832535884,25.339712918660286,36.248803827751196,0.7464114832535885,0.6028708133971292,47.52153110047847,47.42583732057416,3541.7703349282297,3669.023923444976,91.8468899521531,79.17703349282297,34.20095693779904,40.239234449760765,39.97129186602871,50.229665071770334,2.708133971291866,2.9473684210526314,79.14832535885168,73.35885167464114,62.248803827751196,54.57416267942584,8.200956937799043,7.894736842105263,3.8181818181818183,5.244019138755981,0.35406698564593303,0.8133971291866029,0.5645933014354066,0.430622009569378,3.9617224880382773,4.401913875598086,66.03827751196172,58.717703349282296,10.44976076555024,10.91866028708134,5.148325358851674,6.679425837320574,1.062200956937799,1.263157894736842,0.9090909090909091,0.6411483253588517
Monroe,72.04917028963321,6979.685724236116,32.28231966811585,729.9562603331088,3.4883656848937603,7.313452942257057,36.0,36055.0,Monroe,36055.0,43.14638894999999,-77.69322942000001,1088.6666666666667,78.16666666666667,0.0,1010.5,Monroe,9.0,78439.86602870813,37868.04784688995,40571.818181818184,29594.26794258373,31291.387559808612,5854.459330143541,6727.090909090909,140.2775119617225,151.1866028708134,1335.5598086124403,1404.200956937799,24.019138755980862,26.105263157894736,919.4641148325359,971.8468899521531,30410.583732057417,32145.31100478469,6428.67942583732,7353.722488038277,349.511961722488,384.35406698564594,1610.3827751196172,1676.0861244019138,51.16746411483253,55.24401913875598,34819.5023923445,37364.21052631579,27352.65071770335,28998.842105263157,5322.44019138756,6109.875598086124,82.42105263157895,87.19617224880383,1306.956937799043,1375.311004784689,10.133971291866029,12.267942583732058,744.8995215311005,780.7177033492823,28012.047846889953,29681.157894736843,5765.502392344498,6591.014354066986,239.5023923444976,263.1387559808612,1564.5645933014355,1629.4449760765551,31.789473684210527,35.483253588516746,3048.5454545454545,3207.6076555023924,2241.6172248803828,2292.5454545454545,532.0191387559809,617.2153110047847,57.856459330143544,63.99043062200957,28.60287081339713,28.88995215311005,13.885167464114833,13.83732057416268,174.5645933014354,191.12918660287082,2398.535885167464,2464.153110047847,663.1770334928229,762.7081339712919,110.00956937799043,121.2153110047847,45.81818181818182,46.64114832535885,19.37799043062201,19.760765550239235
Montgomery,55.53035329724696,6507.092369477911,22.296781328211395,728.635585821547,2.976252837436703,5.611489436004889,36.0,36057.0,Montgomery,36057.0,42.90123494,-74.44011632,38.0,1.0,0.0,37.0,Montgomery,9.0,5237.9617224880385,2566.6698564593303,2671.2918660287082,2410.133971291866,2524.4306220095696,73.24401913875599,63.70334928229665,12.794258373205741,13.464114832535886,18.880382775119617,23.760765550239235,3.827751196172249,2.6315789473684212,47.78947368421053,43.301435406698566,2454.468899521531,2564.0765550239234,103.39712918660287,91.77990430622009,25.84688995215311,24.60287081339713,25.6555023923445,30.229665071770334,5.923444976076555,4.6028708133971294,2235.5693779904304,2345.9521531100477,2129.023923444976,2246.1052631578946,47.1578947368421,40.00956937799043,6.411483253588517,6.1913875598086126,17.320574162679424,21.04306220095694,1.1483253588516746,0.6698564593301436,34.50717703349282,31.933014354066987,2160.7942583732056,2274.9186602870814,68.09569377990431,60.11483253588517,15.655502392344498,14.421052631578947,23.205741626794257,26.74641148325359,2.8708133971291865,2.2392344497607657,331.1004784688995,325.33971291866027,281.1100478468899,278.32535885167465,26.086124401913874,23.69377990430622,6.382775119617225,7.2727272727272725,1.5598086124401913,2.7177033492822966,2.6794258373205744,1.9617224880382775,13.282296650717702,11.368421052631579,293.67464114832535,289.1578947368421,35.301435406698566,31.66507177033493,10.191387559808613,10.181818181818182,2.449760765550239,3.4832535885167464,3.0526315789473686,2.3636363636363638
Nassau,68.71789399115224,4350.236774116981,35.73838662501438,1091.101692687175,2.390225466442947,5.439857661641492,36.0,36059.0,Nassau,36059.0,40.74066521999999,-73.58941873000002,30408.61111111111,1304.388888888889,0.0,29104.222222222223,Nassau,9.0,142126.5071770335,68940.39234449761,73186.11483253588,53181.82775119617,55737.49282296651,8108.287081339713,9384.057416267942,352.3157894736842,325.45454545454544,6072.956937799043,6464.574162679426,59.645933014354064,65.56937799043062,1165.358851674641,1208.9665071770335,54142.55502392344,56715.703349282296,8669.894736842105,9998.45933014354,638.7464114832536,632.8612440191388,6627.799043062201,7023.971291866029,112.56459330143541,122.27751196172248,57638.07655502392,62136.07655502392,43488.21052631579,46280.98564593301,7264.2488038277515,8524.478468899522,73.6555023923445,84.60287081339713,5960.44019138756,6354.516746411483,19.483253588516746,23.37799043062201,832.0382775119617,868.1148325358852,44156.94736842105,46963.98086124402,7616.535885167464,8917.301435406698,236.87081339712918,269.09090909090907,6452.086124401914,6847.55980861244,56.74641148325359,64.54545454545455,11302.315789473685,11050.038277511961,9693.617224880383,9456.507177033493,844.0382775119617,859.578947368421,278.66028708133973,240.85167464114832,112.51674641148325,110.05741626794259,40.16267942583732,42.19138755980861,333.3205741626794,340.85167464114835,9985.607655502392,9751.722488038278,1053.358851674641,1081.157894736842,401.8755980861244,363.77033492822966,175.71291866028707,176.41148325358853,55.81818181818182,57.73205741626794
Niagara,59.11589293182769,7015.2900041823505,26.981472187369302,831.3317858636553,2.7562247316325106,5.237334448626795,36.0,36063.0,Niagara,36063.0,43.19898042,-78.74777412000002,280.8888888888889,13.88888888888889,0.0,267.0,Niagara,9.0,22511.82775119617,10945.464114832535,11566.363636363636,9699.665071770334,10231.167464114833,772.3923444976076,818.976076555024,118.58373205741627,132.04784688995215,99.0622009569378,120.4688995215311,4.344497607655502,4.057416267942584,251.41626794258374,259.64593301435406,9931.693779904306,10469.990430622009,930.1148325358852,987.0526315789474,191.45454545454547,206.1244019138756,142.16267942583733,162.755980861244,12.009569377990431,11.435406698564593,10657.320574162679,11283.578947368422,9471.263157894737,10016.64114832536,744.7846889952153,787.8181818181819,108.09569377990431,119.2822966507177,97.58851674641149,119.13875598086125,3.550239234449761,2.7942583732057416,232.03827751196172,237.9043062200957,9685.004784688996,10234.90909090909,889.9043062200957,941.1674641148326,174.67942583732057,186.5933014354067,139.07177033492823,159.91387559808612,10.717703349282298,9.588516746411484,288.14354066985646,282.78468899521533,228.4019138755981,214.52631578947367,27.607655502392344,31.157894736842106,10.488038277511961,12.76555023923445,1.4736842105263157,1.3301435406698565,0.7942583732057417,1.263157894736842,19.37799043062201,21.741626794258373,246.688995215311,235.08133971291866,40.21052631578947,45.88516746411483,16.77511961722488,19.5311004784689,3.090909090909091,2.8421052631578947,1.291866028708134,1.8468899521531101
Oneida,60.10954543148496,7705.117891025316,26.461924813555882,760.3943483334178,2.9592613261630563,6.035830247070164,36.0,36065.0,Oneida,36065.0,43.24375382000002,-75.43710392000001,300.6111111111111,8.555555555555555,0.0,292.05555555555554,Oneida,9.0,24495.186602870814,12204.363636363636,12290.822966507178,10553.09090909091,10863.377990430621,957.9425837320574,691.7129186602871,41.483253588516746,38.72727272727273,408.2105263157895,437.79904306220095,7.08133971291866,7.435406698564593,236.55502392344496,251.77033492822966,10771.148325358852,11095.033492822966,1107.2344497607655,851.6842105263158,93.2822966507177,93.85645933014354,463.1961722488038,495.88516746411483,16.27751196172249,16.9377990430622,11526.794258373206,11709.282296650717,10037.990430622009,10429.990430622009,854.8133971291866,602.0765550239234,27.559808612440193,26.535885167464116,401.8181818181818,431.1291866028708,3.2822966507177034,4.095693779904306,201.33014354066987,215.45454545454547,10223.56937799043,10627.990430622009,978.5837320574162,735.8851674641148,69.73205741626795,71.77990430622009,453.77033492822966,485.85645933014354,11.052631578947368,12.210526315789474,677.5693779904307,581.5406698564593,515.1004784688995,433.3875598086124,103.12918660287082,89.63636363636364,13.923444976076555,12.191387559808613,6.392344497607655,6.669856459330144,3.799043062200957,3.339712918660287,35.22488038277512,36.31578947368421,547.578947368421,467.0430622009569,128.65071770334927,115.79904306220095,23.550239234449762,22.076555023923444,9.425837320574162,10.028708133971293,5.22488038277512,4.7272727272727275
Onondaga,58.24381279394518,12220.229540206261,24.577637799083558,711.5253533387337,2.8003409461861177,6.293382984125449,36.0,36067.0,Onondaga,36067.0,43.00491923000001,-76.19971155000002,629.4444444444445,19.833333333333332,0.0,609.6111111111111,Onondaga,9.0,49048.90909090909,23645.090909090908,25403.81818181818,19221.33971291866,20591.693779904308,2704.5837320574165,2984.267942583732,214.47846889952154,228.65071770334927,822.8708133971292,884.1626794258373,11.578947368421053,11.368421052631579,670.2392344497607,703.6746411483253,19830.076555023923,21227.205741626793,3124.248803827751,3432.1052631578946,387.511961722488,411.52153110047846,986.6794258373205,1053.3014354066986,30.3444976076555,30.124401913875598,22569.483253588518,24292.555023923444,18494.42105263158,19850.947368421053,2494.4210526315787,2752.4210526315787,174.3732057416268,190.7846889952153,811.6746411483253,873.4354066985646,6.650717703349282,7.588516746411483,587.9425837320574,617.377990430622,19026.947368421053,20407.090909090908,2855.2918660287082,3137.6172248803828,321.21531100478467,346.64114832535887,968.5741626794259,1034.8133971291866,22.698564593301434,23.69377990430622,1075.6076555023924,1111.2631578947369,726.9186602870814,740.7464114832536,210.16267942583733,231.8468899521531,40.10526315789474,37.866028708133975,11.196172248803828,10.727272727272727,4.92822966507177,3.7799043062200957,82.29665071770334,86.29665071770334,803.1291866028708,820.1148325358852,268.9569377990431,294.488038277512,66.29665071770334,64.88038277511961,18.105263157894736,18.48803827751196,7.645933014354067,6.430622009569378
Ontario,69.7646973855265,10893.552898206806,30.70826025051072,747.4728338251377,3.571284125379171,7.33944821609129,36.0,36069.0,Ontario,36069.0,42.851457279999984,-77.30874425,72.33333333333333,3.0,0.0,69.33333333333333,Ontario,9.0,11461.894736842105,5611.081339712919,5850.813397129186,5279.808612440192,5523.033492822967,155.00478468899522,134.72727272727272,18.47846889952153,18.172248803827753,59.311004784689,73.98086124401914,2.2200956937799043,2.0,96.25837320574162,98.89952153110048,5368.937799043062,5614.784688995215,207.23444976076556,190.1531100478469,43.54066985645933,42.708133971291865,85.2535885167464,99.6555023923445,5.9330143540669855,5.7990430622009566,5359.9617224880385,5634.114832535885,5076.966507177033,5350.210526315789,131.04306220095694,112.29665071770334,12.535885167464114,13.511961722488039,57.751196172248804,72.75598086124401,1.0526315789473684,0.9952153110047847,80.61244019138756,84.3444976076555,5151.598086124402,5428.181818181818,173.1196172248804,157.61722488038276,32.2200956937799,33.45454545454545,82.27751196172248,97.22488038277513,4.220095693779904,4.382775119617225,251.1196172248804,216.69856459330143,202.8421052631579,172.82296650717703,23.961722488038276,22.43062200956938,5.942583732057416,4.660287081339713,1.5598086124401913,1.2248803827751196,1.167464114832536,1.0047846889952152,15.645933014354068,14.555023923444976,217.3397129186603,186.60287081339712,34.11483253588517,32.535885167464116,11.320574162679426,9.253588516746412,2.9760765550239237,2.430622009569378,1.7129186602870814,1.4162679425837321
Orange,64.97800592658858,5547.3042988877005,30.343301836683345,851.6541192586174,2.860305834335076,6.003829918090073,36.0,36071.0,Orange,36071.0,41.40337467999999,-74.30240757,6885.444444444444,232.61111111111111,0.0,6652.833333333333,Orange,9.0,39547.43540669856,19795.473684210527,19751.96172248804,16234.736842105263,16227.990430622009,2336.842105263158,2275.5406698564593,162.14354066985646,152.33492822966508,514.6124401913876,548.2392344497607,19.25358851674641,17.444976076555022,527.8851674641148,530.4114832535885,16701.224880382775,16691.51196172249,2667.818181818182,2620.287081339713,311.42583732057415,308.622009569378,654.4593301435407,679.0717703349283,35.60765550239235,33.73205741626794,15986.976076555024,15998.344497607655,13157.301435406698,13198.784688995216,1919.358851674641,1855.2631578947369,47.24401913875598,49.74162679425837,483.58851674641147,517.8468899521531,6.258373205741627,5.186602870813397,373.2248803827751,371.52153110047846,13483.435406698565,13518.181818181818,2139.311004784689,2082.1435406698565,140.42105263157896,151.244019138756,608.6411483253588,634.4593301435407,17.875598086124402,16.851674641148325,3808.497607655502,3753.6172248803828,3077.4354066985647,3029.2057416267944,417.48325358851673,420.2775119617225,114.89952153110048,102.5933014354067,31.023923444976077,30.392344497607656,12.995215311004785,12.258373205741627,154.6602870813397,158.88995215311004,3217.7894736842104,3173.3301435406697,528.5071770334928,538.1435406698564,171.00478468899522,157.37799043062202,45.81818181818182,44.61244019138756,17.732057416267942,16.880382775119617
Orleans,66.63696084363384,8694.409110554067,27.462183421211858,689.1386463825742,3.4158527098279885,6.62892211945717,36.0,36073.0,Orleans,36073.0,43.251697700000015,-78.23200659999999,52.44444444444444,3.3333333333333335,0.0,49.111111111111114,Orleans,9.0,4418.3253588516745,2193.904306220096,2224.4210526315787,1971.8373205741627,2030.9952153110048,153.02392344497608,124.04784688995215,16.057416267942585,15.37799043062201,10.497607655502392,12.133971291866029,1.0334928229665072,0.7272727272727273,41.45454545454545,41.13875598086124,2009.799043062201,2069.3684210526317,178.0956937799043,149.6555023923445,29.751196172248804,27.626794258373206,16.220095693779903,17.559808612440193,2.382775119617225,2.3157894736842106,2091.311004784689,2130.066985645933,1893.4736842105262,1956.5645933014355,139.38755980861245,113.61722488038278,11.397129186602871,11.167464114832535,9.655502392344498,11.818181818181818,0.5741626794258373,0.22966507177033493,36.822966507177036,36.66985645933014,1927.3397129186603,1990.7655502392345,161.42583732057417,136.39234449760767,23.263157894736842,21.84688995215311,15.090909090909092,16.90909090909091,1.722488038277512,1.69377990430622,102.5933014354067,94.35406698564593,78.36363636363636,74.43062200956938,13.636363636363637,10.430622009569378,4.660287081339713,4.2105263157894735,0.8421052631578947,0.3157894736842105,0.45933014354066987,0.49760765550239233,4.631578947368421,4.4688995215311005,82.45933014354067,78.60287081339713,16.669856459330145,13.263157894736842,6.488038277511961,5.779904306220096,1.1291866028708133,0.6507177033492823,0.6602870813397129,0.6220095693779905
Oswego,72.6807119205298,16544.110761589403,29.88385761589404,708.0788355408389,3.736258278145695,7.836423841059602,36.0,36075.0,Oswego,36075.0,43.42778894000001,-76.14635193999999,50.55555555555556,2.1666666666666665,0.0,48.388888888888886,Oswego,9.0,12693.416267942584,6348.306220095694,6345.11004784689,6133.684210526316,6125.712918660287,67.45454545454545,55.60765550239235,29.425837320574164,30.172248803827753,31.80861244019139,48.78468899521531,1.244019138755981,1.7607655502392345,84.68899521531101,83.07177033492823,6212.267942583732,6203.492822966507,102.35406698564593,90.75598086124401,63.35885167464115,62.48803827751196,52.58373205741627,69.2153110047847,4.019138755980861,4.851674641148326,6198.555023923445,6199.56937799043,6010.105263157895,6005.244019138756,55.07177033492823,45.55023923444976,24.89952153110048,24.822966507177032,30.20095693779904,47.60765550239235,1.138755980861244,1.3397129186602872,77.13875598086125,75.00478468899522,6081.8564593301435,6075.760765550239,86.1244019138756,76.48803827751196,55.33014354066986,53.770334928229666,50.066985645933016,66.49760765550239,3.7320574162679425,3.8564593301435406,149.7511961722488,145.54066985645932,123.57894736842105,120.4688995215311,12.382775119617225,10.057416267942584,4.526315789473684,5.349282296650718,1.6076555023923444,1.1770334928229664,0.10526315789473684,0.42105263157894735,7.55023923444976,8.066985645933014,130.41148325358853,127.73205741626795,16.229665071770334,14.267942583732058,8.028708133971293,8.717703349282298,2.5167464114832536,2.7177033492822966,0.28708133971291866,0.9952153110047847
Otsego,33.29422440913124,8628.358070500928,13.671331773816245,636.3893280632411,1.9216745986932322,3.673509720093571,36.0,36077.0,Otsego,36077.0,42.634925790000004,-75.03151402000002,50.94444444444444,3.388888888888889,0.0,47.55555555555556,Otsego,9.0,6443.4162679425835,3123.3205741626793,3320.095693779904,2954.6411483253587,3151.8564593301435,70.10526315789474,64.04784688995215,8.30622009569378,6.880382775119617,35.578947368421055,47.45454545454545,1.6363636363636365,2.0669856459330145,53.05263157894737,47.78947368421053,3002.2775119617227,3195.311004784689,94.38277511961722,85.8755980861244,28.0,24.43062200956938,50.526315789473685,60.20095693779904,4.239234449760765,3.923444976076555,3016.813397129187,3208.822966507177,2870.755980861244,3063.6172248803828,59.751196172248804,52.985645933014354,5.732057416267943,5.511961722488039,34.39234449760765,45.78947368421053,1.3397129186602872,1.5789473684210527,44.8421052631579,39.33971291866029,2911.186602870813,3099.4354066985647,79.44497607655502,70.03827751196172,21.6555023923445,19.99043062200957,48.10526315789474,56.995215311004785,3.464114832535885,3.215311004784689,106.50717703349282,111.27272727272727,83.88516746411483,88.23923444976077,10.354066985645932,11.062200956937799,2.574162679425837,1.368421052631579,1.186602870813397,1.6650717703349283,0.2966507177033493,0.4880382775119617,8.210526315789474,8.44976076555024,91.0909090909091,95.8755980861244,14.937799043062201,15.83732057416268,6.344497607655502,4.440191387559809,2.4210526315789473,3.2057416267942584,0.7751196172248804,0.7081339712918661
Putnam,84.48581954457396,5361.430939752914,41.80242639819608,911.4902975831295,3.1917934385619464,7.176580811128402,36.0,36079.0,Putnam,36079.0,41.42630093000001,-73.74965532000003,744.4444444444445,7.0,0.0,737.4444444444445,Putnam,9.0,10463.1004784689,5222.507177033493,5240.593301435407,4850.459330143541,4868.153110047847,161.63636363636363,150.9377990430622,16.507177033492823,17.99043062200957,98.70813397129187,120.53588516746412,4.105263157894737,1.894736842105263,91.0909090909091,81.08133971291866,4932.574162679426,4940.688995215311,201.12918660287082,186.52631578947367,42.985645933014354,41.36842105263158,132.22966507177034,149.6267942583732,8.698564593301436,6.421052631578948,4504.736842105263,4592.995215311004,4212.363636363636,4294.622009569378,126.75598086124401,118.58373205741627,6.62200956937799,6.976076555023924,93.04306220095694,114.47846889952153,1.3492822966507176,0.9090909090909091,64.60287081339713,57.42583732057416,4270.612440191388,4345.980861244019,151.74162679425837,140.4019138755981,22.516746411483254,21.358851674641148,122.91866028708134,140.3062200956938,4.373205741626794,4.143540669856459,717.7703349282297,647.5980861244019,638.0956937799043,573.5311004784689,34.880382775119614,32.354066985645936,9.885167464114833,11.014354066985646,5.6650717703349285,6.057416267942584,2.7559808612440193,0.9856459330143541,26.48803827751196,23.6555023923445,661.9617224880383,594.7081339712919,49.38755980861244,46.1244019138756,20.4688995215311,20.00956937799043,9.311004784688995,9.320574162679426,4.3253588516746415,2.277511961722488
Rensselaer,59.576096706676346,16660.748003075478,26.273183546196233,714.2702362137456,2.9047029174319765,5.91277604544872,36.0,36083.0,Rensselaer,36083.0,42.713481360000024,-73.51089873999997,184.38888888888889,8.0,0.0,176.38888888888889,Rensselaer,9.0,16783.674641148325,8284.583732057416,8499.09090909091,7248.813397129186,7465.100478468899,593.0813397129186,616.5167464114833,24.870813397129186,25.933014354066987,218.48803827751198,193.39712918660288,3.6842105263157894,2.7559808612440193,195.64593301435406,195.38755980861245,7432.401913875598,7648.239234449761,710.5837320574162,738.688995215311,66.22966507177034,66.21052631578948,269.99043062200957,240.98564593301435,10.009569377990431,9.004784688995215,7922.5837320574165,8132.095693779905,6995.808612440192,7211.397129186603,529.5406698564593,544.066985645933,15.110047846889952,16.066985645933013,213.99043062200957,188.76555023923444,1.8086124401913874,1.7129186602870814,166.32535885167465,170.08612440191388,7152.277511961723,7370.717703349283,625.1674641148326,647.1674641148326,48.47846889952153,49.78947368421053,263.36842105263156,234.44976076555025,7.08133971291866,7.3971291866028706,362.0,366.9952153110048,253.00478468899522,253.70334928229664,63.54066985645933,72.44976076555024,9.760765550239235,9.866028708133971,4.497607655502392,4.631578947368421,1.875598086124402,1.0430622009569377,29.320574162679424,25.301435406698566,280.1244019138756,277.52153110047846,85.41626794258373,91.52153110047847,17.751196172248804,16.42105263157895,6.62200956937799,6.535885167464115,2.9282296650717705,1.6076555023923444
Rockland,67.85308128118159,4514.881722248847,34.134666879633194,896.9648511270001,2.7420630819388725,5.589629156370674,36.0,36087.0,Rockland,36087.0,41.15027894000001,-74.02560498000001,9675.777777777777,372.27777777777777,0.0,9303.5,Rockland,9.0,33553.07177033493,16451.72248803828,17101.34928229665,12963.062200956938,13287.062200956938,2052.315789473684,2266.086124401914,93.93301435406698,77.48325358851675,1012.4019138755981,1127.3492822966507,21.85645933014354,20.028708133971293,308.1531100478469,323.33971291866027,13221.827751196171,13553.598086124402,2244.7081339712918,2473.712918660287,171.02392344497608,160.5358851674641,1117.3875598086124,1233.6267942583731,39.41626794258373,40.19138755980861,13595.54066985646,14370.602870813396,10579.406698564593,11017.129186602871,1786.9377990430621,2004.3636363636363,26.870813397129186,22.870813397129186,988.0287081339712,1102.1148325358852,2.937799043062201,3.9330143540669855,211.35885167464116,220.19138755980862,10751.521531100478,11192.870813397129,1906.1435406698565,2133.6076555023924,73.20574162679426,73.74162679425838,1080.2105263157894,1193.7607655502393,15.779904306220097,18.507177033492823,2856.181818181818,2730.7464114832537,2383.6555023923447,2269.933014354067,265.377990430622,261.7224880382775,67.0622009569378,54.61244019138756,24.373205741626794,25.23444976076555,18.91866028708134,16.095693779904305,96.79425837320574,103.14832535885168,2470.306220095694,2360.7272727272725,338.5645933014354,340.10526315789474,97.81818181818181,86.79425837320574,37.177033492822964,39.866028708133975,23.636363636363637,21.68421052631579
Saratoga,72.20406431232024,8354.281755386864,33.37158753359423,844.4603823848366,3.4085176104483947,7.081168371917582,36.0,36091.0,Saratoga,36091.0,43.109041619999985,-73.86653894999998,268.3888888888889,7.333333333333333,0.0,261.05555555555554,Saratoga,9.0,23577.272727272728,11637.397129186604,11939.875598086124,10918.19138755981,11260.143540669857,219.14832535885168,176.94736842105263,27.23444976076555,24.0,262.5933014354067,286.66028708133973,4.172248803827751,3.1674641148325358,206.05741626794259,188.95693779904306,11113.473684210527,11438.306220095694,302.8899521531101,257.98086124401914,80.25837320574162,71.11004784688996,345.4736842105263,360.20095693779905,11.138755980861244,9.875598086124402,11296.354066985647,11621.684210526315,10630.21052631579,10989.684210526315,197.67464114832535,159.89473684210526,20.13397129186603,17.177033492822968,258.9377990430622,283.39712918660285,3.2344497607655502,2.287081339712919,186.16267942583733,169.244019138756,10807.464114832535,11150.267942583732,269.6267942583732,228.91866028708134,65.22488038277513,56.55502392344498,339.2248803827751,354.54545454545456,9.052631578947368,8.028708133971293,341.0430622009569,318.1913875598086,287.98086124401914,270.4593301435407,21.473684210526315,17.05263157894737,7.100478468899522,6.822966507177034,3.6555023923444976,3.263157894736842,0.937799043062201,0.8803827751196173,19.894736842105264,19.71291866028708,306.00956937799043,288.0382775119617,33.26315789473684,29.0622009569378,15.033492822966506,14.555023923444976,6.248803827751196,5.655502392344498,2.0861244019138754,1.8468899521531101
Schenectady,53.292178228503616,5797.338893084475,24.349099147696624,787.5258603948646,2.6865249757255367,4.828676232603302,36.0,36093.0,Schenectady,36093.0,42.816687770000016,-74.05278290999998,325.44444444444446,13.5,0.0,311.94444444444446,Schenectady,9.0,16302.315789473685,7918.698564593302,8383.617224880383,6338.928229665072,6760.019138755981,903.5980861244019,921.311004784689,51.97129186602871,49.464114832535884,338.00956937799043,355.99043062200957,13.712918660287082,16.019138755980862,272.47846889952154,280.8133971291866,6579.023923444976,7005.531100478469,1076.7177033492824,1104.4401913875597,109.26315789473684,111.13875598086125,423.6363636363636,440.6507177033493,25.205741626794257,28.363636363636363,7397.33014354067,7865.196172248804,5985.99043062201,6424.277511961723,798.7272727272727,805.6076555023924,36.21052631578947,33.32057416267943,333.1961722488038,348.69856459330146,10.650717703349283,12.382775119617225,232.55502392344496,240.9090909090909,6189.789473684211,6633.8564593301435,941.2248803827752,957.7799043062201,83.6555023923445,84.97607655502392,414.2392344497608,428.6124401913876,20.114832535885167,22.526315789473685,521.3684210526316,518.421052631579,352.9377990430622,335.74162679425837,104.87081339712918,115.70334928229666,15.760765550239235,16.14354066985646,4.813397129186603,7.291866028708134,3.062200956937799,3.6363636363636362,39.92344497607655,39.90430622009569,389.23444976076553,371.67464114832535,135.4928229665072,146.6602870813397,25.607655502392344,26.16267942583732,9.397129186602871,12.038277511961722,5.090909090909091,5.837320574162679
Schoharie,41.18797288002358,10893.806917559203,15.717598506436081,580.1230225017196,2.429203105040778,4.805541908224428,36.0,36095.0,Schoharie,36095.0,42.58831741999999,-74.44339029999996,23.666666666666668,0.0,0.0,23.666666666666668,Schoharie,9.0,3364.22009569378,1682.9856459330144,1681.2344497607655,1615.77990430622,1621.0143540669856,27.52153110047847,20.124401913875598,4.842105263157895,3.588516746411483,11.770334928229666,12.832535885167465,0.4880382775119617,0.5741626794258373,22.583732057416267,23.10047846889952,1636.0,1641.8181818181818,38.047846889952154,30.220095693779903,15.014354066985646,14.220095693779903,16.31578947368421,17.617224880382775,1.7511961722488039,1.7033492822966507,1632.755980861244,1631.799043062201,1573.866028708134,1579.33014354067,23.952153110047846,16.545454545454547,3.2057416267942584,2.5933014354066986,11.559808612440191,12.803827751196172,0.24880382775119617,0.15311004784688995,19.923444976076556,20.373205741626794,1591.7416267942583,1597.7894736842106,33.07177033492823,25.25358851674641,12.028708133971293,11.69377990430622,15.741626794258373,17.282296650717704,1.3588516746411483,1.2248803827751196,50.229665071770334,49.43540669856459,41.91387559808612,41.68421052631579,3.569377990430622,3.5789473684210527,1.6363636363636365,0.9952153110047847,0.21052631578947367,0.028708133971291867,0.23923444976076555,0.42105263157894735,2.660287081339713,2.727272727272727,44.25837320574163,44.02870813397129,4.976076555023924,4.966507177033493,2.985645933014354,2.526315789473684,0.5741626794258373,0.3349282296650718,0.3923444976076555,0.4784688995215311
Schuyler,37.59901867248194,7831.253373313343,14.905956112852664,663.7286356821589,1.9777838353550496,4.0798691563309255,36.0,36097.0,Schuyler,36097.0,42.39184015,-76.87732989999998,7.444444444444445,0.0,0.0,7.444444444444445,Schuyler,9.0,1916.1913875598086,955.4162679425838,960.7751196172248,926.3062200956938,931.3205741626795,10.430622009569378,8.086124401913876,3.090909090909091,2.7177033492822966,3.617224880382775,4.832535885167464,0.37320574162679426,0.09569377990430622,11.598086124401913,13.722488038277511,936.9665071770335,943.9043062200957,15.82775119617225,14.421052631578947,7.7990430622009566,8.44976076555024,5.980861244019139,7.617224880382775,0.784688995215311,0.5933014354066986,939.2248803827752,946.3827751196172,912.4784688995215,920.1052631578947,9.502392344497608,7.110047846889952,2.7942583732057416,2.0574162679425836,3.5023923444976077,4.7272727272727275,0.37320574162679426,0.09569377990430622,10.574162679425838,12.287081339712918,922.2105263157895,931.3492822966507,14.287081339712918,12.76555023923445,7.090909090909091,7.08133971291866,5.751196172248804,7.291866028708134,0.7368421052631579,0.5358851674641149,16.19138755980861,14.392344497607656,13.82775119617225,11.21531100478469,0.9282296650717703,0.9760765550239234,0.2966507177033493,0.6602870813397129,0.11483253588516747,0.10526315789473684,0.0,0.0,1.0239234449760766,1.4354066985645932,14.75598086124402,12.555023923444976,1.5406698564593302,1.6555023923444976,0.7081339712918661,1.368421052631579,0.22966507177033493,0.3253588516746411,0.04784688995215311,0.05741626794258373
Seneca,41.3639608767045,10057.68387234954,15.591989719426001,650.4277861069465,2.244520596844435,4.859427429142571,36.0,36099.0,Seneca,36099.0,42.780810070000015,-76.82497063999998,23.22222222222222,0.0,0.0,23.22222222222222,Seneca,9.0,3681.2727272727275,1927.9808612440193,1753.2918660287082,1713.11004784689,1685.377990430622,164.6315789473684,22.31578947368421,9.83732057416268,4.8708133971291865,13.10047846889952,14.995215311004785,0.24880382775119617,0.0,27.05263157894737,25.732057416267942,1738.7751196172248,1709.7416267942583,179.311004784689,36.526315789473685,19.39712918660287,13.808612440191387,16.90909090909091,18.61244019138756,1.062200956937799,0.8421052631578947,1850.0765550239234,1718.2296650717703,1653.7894736842106,1655.2535885167465,150.72727272727272,19.85645933014354,8.363636363636363,4.440191387559809,12.220095693779903,14.851674641148325,0.21052631578947367,0.0,24.76555023923445,23.827751196172247,1677.3397129186603,1677.8181818181818,164.20095693779905,32.91866028708134,17.004784688995215,12.688995215311005,15.751196172248804,18.28708133971292,0.9282296650717703,0.784688995215311,77.90430622009569,35.0622009569378,59.32057416267943,30.124401913875598,13.904306220095695,2.45933014354067,1.4736842105263157,0.430622009569378,0.8803827751196173,0.14354066985645933,0.03827751196172249,0.0,2.287081339712919,1.9043062200956937,61.43540669856459,31.923444976076556,15.110047846889952,3.6076555023923444,2.3923444976076556,1.1196172248803828,1.1578947368421053,0.3253588516746411,0.1339712918660287,0.05741626794258373
St. Lawrence,32.500630679331735,19110.689190928515,13.122042886194558,636.4984683501943,1.827451283239375,3.9990218034854688,36.0,36089.0,St. Lawrence,36089.0,44.497617900000016,-75.06550038999997,123.38888888888889,0.0,0.0,123.38888888888889,St. Lawrence,9.0,11674.985645933015,5946.1435406698565,5728.8421052631575,5511.004784688996,5472.7655502392345,231.1196172248804,53.35885167464115,59.03349282296651,59.02392344497608,58.430622009569376,65.50239234449761,4.660287081339713,2.382775119617225,81.89473684210526,75.80861244019138,5586.181818181818,5542.296650717703,261.42583732057415,81.01435406698565,94.86124401913875,93.42583732057416,81.23444976076556,85.31100478468899,8.47846889952153,5.578947368421052,5787.626794258374,5637.492822966507,5393.531100478469,5402.287081339713,205.85645933014354,45.72248803827751,53.27272727272727,53.05263157894737,56.20095693779904,64.43062200956938,2.5454545454545454,1.2344497607655502,76.22009569377991,70.76555023923444,5463.760765550239,5467.205741626794,233.3684210526316,70.9377990430622,86.33492822966507,84.61244019138756,77.97129186602871,83.76076555023923,5.923444976076555,4.220095693779904,158.51674641148324,91.34928229665071,117.47368421052632,70.47846889952153,25.263157894736842,7.636363636363637,5.760765550239235,5.971291866028708,2.229665071770335,1.0717703349282297,2.1148325358851676,1.1483253588516746,5.6746411483253585,5.043062200956938,122.42105263157895,75.0909090909091,28.057416267942585,10.076555023923445,8.526315789473685,8.813397129186603,3.263157894736842,1.5502392344497609,2.555023923444976,1.3588516746411483
Steuben,59.26295289855072,6135.309812801933,25.34963768115942,779.3997584541063,2.91292270531401,5.93816425120773,36.0,36101.0,Steuben,36101.0,42.268914399999986,-77.38299239999999,180.66666666666666,25.055555555555557,0.0,155.61111111111111,Steuben,9.0,10321.004784688996,5130.899521531101,5190.105263157895,4870.698564593302,4969.655502392345,101.27272727272727,59.82775119617225,13.83732057416268,14.0,69.91387559808612,73.20574162679426,1.3588516746411483,1.569377990430622,73.81818181818181,71.8468899521531,4940.468899521531,5037.291866028708,137.98086124401914,96.44976076555024,40.73684210526316,39.68421052631579,83.5598086124402,86.25837320574162,3.8086124401913874,3.8564593301435406,5047.952153110048,5116.822966507177,4803.626794258374,4910.564593301436,96.1244019138756,56.08612440191388,10.985645933014354,10.61244019138756,67.74162679425838,72.09569377990431,0.8325358851674641,0.7272727272727273,68.64114832535886,66.73684210526316,4868.564593301436,4973.511961722488,130.1244019138756,89.94258373205741,35.655502392344495,33.99043062200957,80.82296650717703,84.70813397129187,2.9665071770334928,2.7942583732057416,82.94736842105263,73.2822966507177,67.07177033492823,59.09090909090909,5.148325358851674,3.7416267942583734,2.851674641148325,3.38755980861244,2.172248803827751,1.1100478468899522,0.5263157894736842,0.8421052631578947,5.177033492822966,5.110047846889952,71.90430622009569,63.7799043062201,7.856459330143541,6.507177033492823,5.08133971291866,5.69377990430622,2.736842105263158,1.5502392344497609,0.8421052631578947,1.062200956937799
Suffolk,87.37201620399749,4584.13378664192,43.742943337460936,1007.8040822136774,3.510168660151681,6.944877595332261,36.0,36103.0,Suffolk,36103.0,40.88320119000001,-72.80121719999998,27745.0,846.8888888888889,0.0,26898.11111111111,Suffolk,9.0,157069.36842105264,77313.54066985646,79755.82775119618,66254.0956937799,68108.86124401914,6223.272727272727,6720.076555023923,466.4019138755981,431.5598086124402,2923.4545454545455,3049.7703349282297,71.94258373205741,60.354066985645936,1374.3732057416269,1385.2057416267942,67425.68421052632,69265.29186602871,7011.77033492823,7543.521531100479,856.1531100478469,839.8851674641148,3404.0765550239234,3519.7894736842104,121.13875598086125,111.26315789473684,62881.282296650716,66183.63636363637,53597.85645933014,56236.22009569378,5304.909090909091,5809.588516746411,147.08133971291866,161.52153110047846,2825.6555023923447,2948.4784688995214,18.784688995215312,16.210526315789473,986.9952153110048,1011.6172248803828,54424.325358851675,57064.66985645933,5823.062200956938,6366.0,390.78468899521533,432.4688995215311,3254.497607655502,3366.602870813397,54.334928229665074,53.54066985645933,14432.258373205741,13572.19138755981,12656.23923444976,11872.64114832536,918.3636363636364,910.4880382775119,319.3205741626794,270.0382775119617,97.79904306220095,101.29186602870813,53.1578947368421,44.143540669856456,387.377990430622,373.58851674641147,13001.35885167464,12200.622009569379,1188.7081339712918,1177.5215311004786,465.36842105263156,407.4162679425837,149.57894736842104,153.1866028708134,66.80382775119617,57.72248803827751
Sullivan,39.86686753319553,8336.542199488491,17.30620467365028,767.1977367480644,2.1742283572154295,3.8712468906562028,36.0,36105.0,Sullivan,36105.0,41.71579493000001,-74.76394559000002,570.7222222222222,13.944444444444445,0.0,556.7777777777778,Sullivan,9.0,8033.588516746411,4115.196172248804,3918.3923444976076,3472.8803827751194,3391.5885167464116,447.9138755980861,333.2535885167464,30.88995215311005,24.13397129186603,59.16746411483253,66.38277511961722,2.8038277511961724,2.401913875598086,101.54066985645933,100.63157894736842,3563.1196172248806,3480.995215311005,510.4976076555024,396.5645933014354,60.55502392344498,53.78947368421053,79.70334928229666,86.40191387559808,8.191387559808613,7.578947368421052,3481.9617224880385,3367.4162679425835,2961.693779904306,2941.349282296651,379.7799043062201,278.8325358851675,14.602870813397129,11.416267942583731,53.24401913875598,62.334928229665074,0.8708133971291866,0.7655502392344498,71.77033492822966,72.7177033492823,3025.377990430622,3005.751196172249,422.6124401913876,323.0622009569378,33.952153110047846,31.301435406698566,70.67942583732058,79.51196172248804,4.688995215311005,4.755980861244019,633.2344497607655,550.976076555024,511.1866028708134,450.2392344497608,68.13397129186603,54.421052631578945,16.28708133971292,12.717703349282298,5.923444976076555,4.047846889952153,1.9330143540669857,1.6363636363636365,29.770334928229666,27.913875598086126,537.7416267942584,475.24401913875596,87.88516746411483,73.50239234449761,26.60287081339713,22.48803827751196,9.023923444976077,6.889952153110048,3.5023923444976077,2.8229665071770333
Tioga,50.174623683700496,8171.187350604044,20.939272562827057,793.9934104270302,2.8340332062794755,4.715937722075069,36.0,36107.0,Tioga,36107.0,42.16852837,-76.30835812000002,43.94444444444444,2.2777777777777777,0.0,41.666666666666664,Tioga,9.0,5260.028708133971,2608.373205741627,2651.6555023923447,2524.956937799043,2575.157894736842,24.698564593301434,19.66507177033493,6.45933014354067,5.349282296650718,18.449760765550238,21.129186602870814,1.6363636363636365,0.6411483253588517,32.17224880382775,29.71291866028708,2554.4210526315787,2602.2583732057415,38.822966507177036,33.44497607655502,19.0622009569378,16.77511961722488,25.71291866028708,27.779904306220097,3.3205741626794256,2.1148325358851676,2561.9425837320573,2611.7224880382773,2487.062200956938,2542.153110047847,22.047846889952154,17.51196172248804,4.889952153110048,4.813397129186603,18.3444976076555,20.76555023923445,1.3205741626794258,0.3827751196172249,28.27751196172249,26.095693779904305,2513.062200956938,2565.8755980861242,34.10526315789474,29.425837320574164,15.674641148325358,14.688995215311005,25.157894736842106,26.880382775119617,2.727272727272727,1.722488038277512,46.430622009569376,39.933014354066984,37.89473684210526,33.004784688995215,2.650717703349282,2.15311004784689,1.569377990430622,0.5358851674641149,0.10526315789473684,0.36363636363636365,0.3157894736842105,0.2583732057416268,3.8947368421052633,3.617224880382775,41.35885167464115,36.38277511961722,4.717703349282297,4.019138755980861,3.38755980861244,2.0861244019138754,0.5550239234449761,0.8995215311004785,0.5933014354066986,0.3923444976076555
Tompkins,88.57894083780027,41381.718805836805,41.23022136192178,574.954064919595,3.532856859241612,9.266229898749256,36.0,36109.0,Tompkins,36109.0,42.44945765,-76.47229842999998,120.44444444444444,0.0,0.0,120.44444444444444,Tompkins,9.0,10791.904306220096,5310.736842105263,5481.167464114833,4349.406698564593,4538.937799043062,225.71291866028707,231.4066985645933,22.555023923444978,24.3444976076555,543.0526315789474,508.3062200956938,3.1770334928229667,3.473684210526316,166.83253588516746,174.69856459330143,4501.894736842105,4698.564593301436,296.8133971291866,305.9617224880383,58.02870813397129,63.81818181818182,618.8133971291866,587.5885167464115,11.08133971291866,11.980861244019138,5062.028708133971,5226.956937799043,4158.650717703349,4345.043062200957,204.48803827751198,207.1196172248804,14.679425837320574,16.4688995215311,537.11004784689,502.01913875598086,1.5502392344497609,2.909090909090909,145.55023923444975,153.39712918660288,4292.2488038277515,4485.808612440192,262.3444976076555,268.1913875598086,42.63157894736842,48.64114832535885,609.1961722488038,577.3397129186603,8.191387559808613,9.952153110047847,248.70813397129186,254.21052631578948,190.755980861244,193.89473684210526,21.22488038277512,24.28708133971292,7.875598086124402,7.875598086124402,5.942583732057416,6.287081339712919,1.6267942583732058,0.5645933014354066,21.282296650717704,21.301435406698566,209.64593301435406,212.755980861244,34.4688995215311,37.770334928229666,15.397129186602871,15.177033492822966,9.617224880382775,10.248803827751196,2.889952153110048,2.028708133971292
Ulster,45.23581445237496,8731.446654395699,18.409775282386747,717.6861633804309,2.417058410688984,5.032959466080485,36.0,36111.0,Ulster,36111.0,41.890278810000005,-74.26252103999998,966.9444444444445,18.22222222222222,0.0,948.7222222222222,Ulster,9.0,19029.598086124402,9452.440191387559,9577.157894736842,8252.650717703349,8567.732057416268,757.1770334928229,526.3253588516747,40.66985645933014,40.516746411483254,163.12918660287082,194.5933014354067,3.8947368421052633,3.712918660287081,234.91866028708134,244.2775119617225,8465.31100478469,8788.842105263158,895.1004784688995,672.8803827751196,106.622009569378,110.22966507177034,222.88995215311004,254.61244019138755,14.631578947368421,13.875598086124402,8499.846889952154,8732.765550239234,7478.593301435407,7878.822966507177,650.9856459330143,438.64114832535887,21.177033492822968,23.157894736842106,157.32057416267943,189.8468899521531,1.9138755980861244,1.875598086124402,189.85645933014354,200.42105263157896,7650.124401913876,8060.392344497608,757.7129186602871,554.3157894736842,72.65071770334929,79.55023923444976,212.4688995215311,245.0909090909091,10.382775119617225,9.760765550239235,952.5933014354067,844.3923444976076,774.0574162679426,688.9090909090909,106.19138755980862,87.6842105263158,19.492822966507177,17.358851674641148,5.8086124401913874,4.746411483253588,1.9808612440191387,1.8373205741626795,45.0622009569378,43.856459330143544,815.1866028708134,728.4497607655502,137.38755980861245,118.56459330143541,33.97129186602871,30.679425837320576,10.421052631578947,9.52153110047847,4.248803827751196,4.114832535885167
Warren,103.20782504431237,7029.686372641017,43.90040141799604,604.286440412887,5.181785006777187,11.672270878949014,36.0,36113.0,Warren,36113.0,43.56173026,-73.84336989999998,104.33333333333333,0.0,0.0,104.33333333333333,Warren,9.0,6848.928229665072,3351.55980861244,3497.3684210526317,3225.224880382775,3376.8995215311006,44.038277511961724,30.822966507177032,9.54066985645933,8.277511961722489,23.760765550239235,30.507177033492823,0.8803827751196173,0.6698564593301436,48.11483253588517,50.19138755980861,3270.114832535885,3422.593301435407,65.49282296650718,53.69377990430622,28.9377990430622,28.33492822966507,33.91387559808612,41.92344497607655,2.8421052631578947,2.9760765550239237,3278.4114832535884,3422.4593301435407,3165.2057416267944,3314.9282296650717,40.63157894736842,27.68421052631579,7.645933014354067,5.904306220095694,22.708133971291865,29.67464114832536,0.5741626794258373,0.4019138755980861,41.645933014354064,43.866028708133975,3204.028708133971,3355.129186602871,58.63157894736842,47.25358851674641,23.961722488038276,23.119617224880383,32.3732057416268,40.10526315789474,2.2583732057416266,2.325358851674641,73.14832535885168,74.9090909090909,60.01913875598086,61.97129186602871,3.4066985645933014,3.138755980861244,1.894736842105263,2.373205741626794,1.0526315789473684,0.8325358851674641,0.3062200956937799,0.2679425837320574,6.4688995215311005,6.3253588516746415,66.08612440191388,67.46411483253588,6.861244019138756,6.440191387559809,4.976076555023924,5.215311004784689,1.5406698564593302,1.8181818181818181,0.583732057416268,0.6507177033492823
Washington,63.142659439511014,7716.490485526468,25.12380348287395,804.374985584131,3.564064121785261,6.318590704647677,36.0,36115.0,Washington,36115.0,43.31153794,-73.43043448000002,75.88888888888889,1.8333333333333333,0.0,74.05555555555556,Washington,9.0,6581.311004784689,3406.373205741627,3174.937799043062,3149.0717703349283,3092.2775119617227,195.9043062200957,19.282296650717704,10.583732057416269,7.1291866028708135,12.966507177033494,18.114832535885167,1.0909090909090908,0.8995215311004785,36.75598086124402,37.23444976076555,3183.1387559808613,3126.44019138756,212.2200956937799,35.59808612440192,25.84688995215311,22.60287081339713,20.33492822966507,26.14354066985646,2.727272727272727,2.77511961722488,3291.7416267942585,3126.3923444976076,3068.1244019138758,3050.870813397129,171.92344497607655,17.588516746411482,7.521531100478469,5.827751196172249,11.894736842105264,17.885167464114833,0.430622009569378,0.7942583732057417,31.84688995215311,33.42583732057416,3097.7607655502393,3081.799043062201,185.8755980861244,32.057416267942585,20.4688995215311,19.588516746411482,18.736842105263158,25.196172248803826,1.722488038277512,2.325358851674641,114.63157894736842,48.54545454545455,80.94736842105263,41.4066985645933,23.980861244019138,1.69377990430622,3.062200956937799,1.3014354066985645,1.0717703349282297,0.22966507177033493,0.6602870813397129,0.10526315789473684,4.909090909090909,3.8086124401913874,85.377990430622,44.64114832535885,26.3444976076555,3.54066985645933,5.37799043062201,3.014354066985646,1.5980861244019138,0.9473684210526315,1.0047846889952152,0.44976076555023925
Wayne,77.08602304958173,7905.136574157183,32.74042293469285,726.1474526980936,4.063296592826625,7.706458909273687,36.0,36117.0,Wayne,36117.0,43.15494364999998,-77.02976528,54.166666666666664,0.16666666666666666,0.0,54.0,Wayne,9.0,9705.157894736842,4810.688995215311,4894.468899521531,4498.239234449761,4623.014354066986,172.41148325358853,128.17224880382776,18.33492822966507,16.267942583732058,24.928229665071772,34.85167464114833,2.0191387559808613,1.4641148325358853,94.75598086124401,90.69856459330144,4588.066985645933,4708.363636363636,229.44497607655504,184.44019138755982,43.41626794258373,39.39712918660287,41.961722488038276,51.09090909090909,4.861244019138756,4.29665071770335,4595.703349282297,4719.071770334928,4317.818181818182,4475.2344497607655,158.1818181818182,117.2822966507177,11.578947368421053,10.736842105263158,23.492822966507177,33.578947368421055,1.492822966507177,1.3014354066985645,83.13875598086125,80.9377990430622,4396.928229665072,4551.55980861244,207.4928229665072,167.01435406698565,32.995215311004785,30.708133971291865,39.49282296650718,48.899521531100476,3.8181818181818183,3.751196172248804,214.98564593301435,175.39712918660288,180.42105263157896,147.7799043062201,14.229665071770334,10.889952153110048,6.755980861244019,5.5311004784688995,1.4354066985645932,1.2727272727272727,0.5263157894736842,0.16267942583732056,11.617224880382775,9.760765550239235,191.13875598086125,156.80382775119617,21.952153110047846,17.425837320574164,10.421052631578947,8.688995215311005,2.4688995215311005,2.1913875598086126,1.0430622009569377,0.5454545454545454
Westchester,53.01245457338716,4311.561345744286,27.31447930241675,943.5091647860314,2.1211632391426423,4.272323935454478,36.0,36119.0,Westchester,36119.0,41.16278376000001,-73.75741653,24340.333333333332,776.1111111111111,0.0,23564.222222222223,Westchester,9.0,101185.04306220096,48849.85645933014,52335.18660287081,36968.37320574163,38718.70813397129,7446.363636363636,8745.416267942584,465.0430622009569,396.57416267942585,2812.803827751196,3247.9234449760766,60.3732057416268,59.952153110047846,1096.8995215311004,1166.6124401913876,37923.78947368421,39717.703349282296,8086.717703349283,9449.483253588516,752.3253588516747,710.9665071770335,3202.9282296650717,3654.8995215311006,103.6842105263158,109.33014354066985,37011.77990430622,40694.44019138756,27235.99043062201,29216.746411483255,6289.454545454545,7485.100478468899,62.15311004784689,69.2153110047847,2723.377990430622,3157.1100478468898,15.004784688995215,15.578947368421053,685.799043062201,750.688995215311,27817.923444976077,29841.07177033493,6639.186602870814,7885.511961722488,201.6555023923445,239.89473684210526,3054.775119617225,3502.7942583732056,43.63636363636363,49.05263157894737,11838.076555023923,11640.746411483253,9732.382775119617,9501.961722488039,1156.909090909091,1260.3157894736842,402.8899521531101,327.35885167464113,89.42583732057416,90.8133971291866,45.36842105263158,44.3732057416268,411.1004784688995,415.92344497607655,10105.866028708135,9876.631578947368,1447.531100478469,1563.9712918660287,550.6698564593302,471.0717703349282,148.1531100478469,152.10526315789474,60.047846889952154,60.27751196172249
Wyoming,37.69521225896327,8337.14583180585,15.49197155216658,691.9718454432143,2.174059681794853,3.444094141799252,36.0,36121.0,Wyoming,36121.0,42.701451089999985,-78.22199578999997,46.27777777777778,3.388888888888889,0.0,42.888888888888886,Wyoming,9.0,4345.789473684211,2361.846889952153,1983.9425837320575,2068.133971291866,1943.9425837320575,250.5933014354067,5.645933014354067,11.358851674641148,5.2727272727272725,8.736842105263158,10.564593301435407,0.430622009569378,0.5645933014354066,22.593301435406698,17.952153110047846,2089.0526315789475,1960.2583732057417,260.22966507177034,13.818181818181818,20.90909090909091,12.660287081339712,13.311004784688995,14.105263157894736,1.4641148325358853,1.5023923444976077,2255.2631578947367,1954.6985645933014,1993.4928229665072,1921.177033492823,227.88516746411483,4.889952153110048,7.37799043062201,3.952153110047847,8.30622009569378,10.248803827751196,0.430622009569378,0.3444976076555024,17.770334928229666,14.086124401913876,2009.8947368421052,1934.0956937799042,235.4641148325359,11.167464114832535,14.287081339712918,9.454545454545455,12.411483253588516,13.330143540669857,1.3014354066985645,1.0909090909090908,106.58373205741627,29.24401913875598,74.64114832535886,22.76555023923445,22.708133971291865,0.7559808612440191,3.9808612440191387,1.3205741626794258,0.430622009569378,0.3157894736842105,0.0,0.22009569377990432,4.822966507177034,3.8660287081339715,79.15789473684211,26.16267942583732,24.76555023923445,2.650717703349282,6.62200956937799,3.2057416267942584,0.8995215311004785,0.7751196172248804,0.16267942583732056,0.41148325358851673
Yates,51.03663543530898,8802.930097905042,19.750078955679545,702.7918728287189,2.823876197494473,5.664701547531319,36.0,36123.0,Yates,36123.0,42.63505483999999,-77.10369919000001,10.444444444444445,0.3888888888888889,0.0,10.055555555555555,Yates,9.0,2651.8755980861242,1287.3014354066986,1364.5741626794259,1252.8995215311004,1326.7081339712918,13.674641148325358,10.516746411483254,2.9186602870813396,3.569377990430622,4.631578947368421,10.31578947368421,0.14354066985645933,0.3157894736842105,13.033492822966506,13.148325358851675,1264.6028708133972,1338.6602870813397,20.928229665071772,18.038277511961724,7.215311004784689,8.200956937799043,6.76555023923445,12.373205741626794,1.1196172248803828,1.0047846889952152,1258.0861244019138,1342.0574162679425,1227.0622009569379,1307.043062200957,13.023923444976077,9.923444976076555,2.2392344497607657,2.6985645933014353,4.526315789473684,10.0,0.03827751196172249,0.10526315789473684,11.196172248803828,12.287081339712918,1237.1004784688996,1318.2105263157894,19.167464114832537,16.832535885167463,5.7894736842105265,6.976076555023924,6.497607655502392,11.980861244019138,0.9090909090909091,0.7751196172248804,29.215311004784688,22.516746411483254,25.83732057416268,19.66507177033493,0.6507177033492823,0.5933014354066986,0.6794258373205742,0.8708133971291866,0.10526315789473684,0.3157894736842105,0.10526315789473684,0.21052631578947367,1.8373205741626795,0.861244019138756,27.502392344497608,20.449760765550238,1.7607655502392345,1.2057416267942584,1.4258373205741626,1.2248803827751196,0.2679425837320574,0.3923444976076555,0.21052631578947367,0.22966507177033493
