countyName,device_count,distance_traveled_from_home,completely_home_device_count,median_home_dwell_time,part_time_work_behavior_devices,full_time_work_behavior_devices,delivery_behavior_devices,median_non_home_dwell_time,candidate_device_count,median_percentage_time_home,mean_home_dwell_time,mean_non_home_dwell_time,mean_distance_traveled_from_home,stateFIPS,countyFIPS,Admin2,FIPS,Lat,Long_,Confirmed,Deaths,Recovered,Active,Incidence_Rate,Case-Fatality_Ratio,CTYNAME,SUMLEV,STATE,COUNTY,YEAR,AGEGRP,TOT_POP,TOT_MALE,TOT_FEMALE,WA_MALE,WA_FEMALE,BA_MALE,BA_FEMALE,IA_MALE,IA_FEMALE,AA_MALE,AA_FEMALE,NA_MALE,NA_FEMALE,TOM_MALE,TOM_FEMALE,WAC_MALE,WAC_FEMALE,BAC_MALE,BAC_FEMALE,IAC_MALE,IAC_FEMALE,AAC_MALE,AAC_FEMALE,NAC_MALE,NAC_FEMALE,NH_MALE,NH_FEMALE,NHWA_MALE,NHWA_FEMALE,NHBA_MALE,NHBA_FEMALE,NHIA_MALE,NHIA_FEMALE,NHAA_MALE,NHAA_FEMALE,NHNA_MALE,NHNA_FEMALE,NHTOM_MALE,NHTOM_FEMALE,NHWAC_MALE,NHWAC_FEMALE,NHBAC_MALE,NHBAC_FEMALE,NHIAC_MALE,NHIAC_FEMALE,NHAAC_MALE,NHAAC_FEMALE,NHNAC_MALE,NHNAC_FEMALE,H_MALE,H_FEMALE,HWA_MALE,HWA_FEMALE,HBA_MALE,HBA_FEMALE,HIA_MALE,HIA_FEMALE,HAA_MALE,HAA_FEMALE,HNA_MALE,HNA_FEMALE,HTOM_MALE,HTOM_FEMALE,HWAC_MALE,HWAC_FEMALE,HBAC_MALE,HBAC_FEMALE,HIAC_MALE,HIAC_FEMALE,HAAC_MALE,HAAC_FEMALE,HNAC_MALE,HNAC_FEMALE
Abbeville,81.61922222222222,5710.990444444445,21.588333333333335,642.9625555555556,6.495111111111111,3.046,2.810111111111111,120.17344444444444,172.704,80.1451111111111,637.8368253968254,287.6252380952381,10274.4373015873,45.0,45001.0,Abbeville,45001.0,34.22333377999998,-82.46170658,34.44827586206897,0.0,0.0,34.44827586206897,159.0084396787214,0.0,Abbeville,50.0,45.0,1.0,6.0,9.0,2625.3588516746413,1272.3253588516745,1353.0334928229665,904.5071770334928,932.5263157894736,344.97607655502395,394.8995215311005,3.1961722488038276,3.9617224880382773,3.665071770334928,5.69377990430622,0.11483253588516747,0.44976076555023925,15.866028708133971,15.502392344497608,918.8516746411483,946.3444976076555,354.88038277511964,405.23444976076553,8.62200956937799,8.851674641148325,5.684210526315789,7.626794258373206,0.7368421052631579,0.8803827751196173,1255.2822966507176,1337.732057416268,890.5071770334928,920.4401913875598,342.85167464114835,392.3444976076555,2.861244019138756,3.8564593301435406,3.665071770334928,5.521531100478469,0.10526315789473684,0.42105263157894735,15.291866028708133,15.148325358851675,904.3444976076555,933.9425837320574,352.4019138755981,402.4593301435407,7.971291866028708,8.602870813397129,5.569377990430622,7.3971291866028706,0.7081339712918661,0.8516746411483254,17.04306220095694,15.301435406698564,14.0,12.086124401913876,2.124401913875598,2.555023923444976,0.3349282296650718,0.10526315789473684,0.0,0.1722488038277512,0.009569377990430622,0.028708133971291867,0.5741626794258373,0.35406698564593303,14.507177033492823,12.401913875598087,2.478468899521531,2.77511961722488,0.6507177033492823,0.24880382775119617,0.11483253588516747,0.22966507177033493,0.028708133971291867,0.028708133971291867
Aiken,110.40039716312057,3881.316553191489,32.98459574468085,601.060609929078,7.243333333333333,3.343914893617021,3.1260709219858156,79.08920567375887,250.88516312056737,79.99897872340425,616.9966362715298,261.86879432624113,9588.638622087134,45.0,45003.0,Aiken,45003.0,33.54338026000002,-81.63645384000002,141.58620689655172,6.620689655172414,0.0,134.9655172413793,111.779577695585,3.6649214659685865,Aiken,50.0,45.0,3.0,6.0,9.0,17258.794258373207,8353.33014354067,8905.464114832535,6060.8708133971295,6292.0382775119615,2013.8373205741627,2301.492822966507,46.90909090909091,47.20574162679426,74.28708133971291,93.10047846889952,4.91866028708134,5.368421052631579,152.5071770334928,166.25837320574163,6199.014354066986,6440.736842105263,2095.5789473684213,2392.3636363636365,106.84210526315789,113.2535885167464,103.7511961722488,125.73205741626795,10.947368421052632,11.751196172248804,7856.985645933014,8488.133971291865,5645.023923444976,5946.095693779905,1974.9186602870814,2265.77990430622,31.72248803827751,33.1578947368421,70.13397129186603,88.61244019138756,3.349282296650718,3.3301435406698565,131.83732057416267,151.1578947368421,5764.497607655502,6081.578947368421,2046.9760765550238,2348.8899521531102,81.03349282296651,91.73205741626795,96.1244019138756,118.22009569377991,8.009569377990431,8.870813397129186,496.3444976076555,417.33014354066984,415.8468899521531,345.9425837320574,38.91866028708134,35.71291866028708,15.186602870813397,14.047846889952153,4.15311004784689,4.488038277511961,1.569377990430622,2.0382775119617227,20.669856459330145,15.10047846889952,434.51674641148327,359.1578947368421,48.60287081339713,43.473684210526315,25.80861244019139,21.52153110047847,7.626794258373206,7.511961722488039,2.937799043062201,2.8803827751196174
Allendale,43.28095238095238,6382.30380952381,12.162857142857144,520.5292857142857,2.565714285714286,1.6535714285714285,1.6069047619047618,84.89428571428572,98.42214285714286,79.23238095238095,591.6952380952381,261.8316326530612,15859.316326530612,45.0,45005.0,Allendale,45005.0,32.98837386000002,-81.35321066000004,27.06896551724138,2.6206896551724137,0.0,24.448275862068964,391.3443830570902,8.823529411764708,Allendale,50.0,45.0,5.0,6.0,9.0,1026.822966507177,546.0861244019138,480.7368421052632,146.77511961722487,108.1244019138756,390.8133971291866,364.8612440191388,1.7033492822966507,1.1100478468899522,3.1196172248803826,2.6220095693779903,0.10526315789473684,0.14354066985645933,3.569377990430622,3.875598086124402,149.64593301435406,111.29186602870813,393.0047846889952,367.311004784689,3.1674641148325358,2.602870813397129,3.674641148325359,3.186602870813397,0.2966507177033493,0.2679425837320574,529.244019138756,469.0143540669856,134.22966507177034,99.6555023923445,388.11483253588517,362.8325358851675,1.4545454545454546,0.9952153110047847,2.411483253588517,2.1626794258373208,0.10526315789473684,0.12440191387559808,2.9282296650717705,3.2440191387559807,136.64114832535884,102.36363636363636,389.92344497607655,364.97607655502395,2.6220095693779903,2.124401913875598,2.7942583732057416,2.602870813397129,0.22009569377990432,0.20095693779904306,16.842105263157894,11.722488038277511,12.545454545454545,8.4688995215311,2.6985645933014353,2.028708133971292,0.24880382775119617,0.11483253588516747,0.7081339712918661,0.45933014354066987,0.0,0.019138755980861243,0.6411483253588517,0.631578947368421,13.004784688995215,8.92822966507177,3.0813397129186604,2.334928229665072,0.5454545454545454,0.4784688995215311,0.8803827751196173,0.583732057416268,0.07655502392344497,0.06698564593301436
Anderson,163.40332329653174,3930.0053864168617,46.70494033679046,684.9715400914464,12.554455224712836,5.354533288725326,4.9408274785323965,107.50927846548456,368.84212111073936,81.68162150105944,664.9223979990122,287.6402204910067,9363.73526740907,45.0,45007.0,Anderson,45007.0,34.518280809999986,-82.63959517000008,198.48275862068965,8.0,0.0,190.48275862068965,115.52246763889849,3.418803418803418,Anderson,50.0,45.0,7.0,6.0,9.0,20173.665071770334,9725.521531100478,10448.143540669857,7916.105263157895,8398.612440191388,1542.9377990430621,1761.578947368421,33.751196172248804,29.961722488038276,80.04784688995215,100.43062200956938,3.626794258373206,3.8086124401913874,149.05263157894737,153.7511961722488,8055.712918660287,8540.746411483253,1640.1722488038276,1862.6794258373207,75.12918660287082,73.80861244019138,102.55502392344498,124.17224880382776,8.210526315789474,8.516746411483254,9380.382775119617,10124.200956937799,7619.272727272727,8127.358851674641,1515.8564593301435,1730.2966507177034,23.827751196172247,21.85645933014354,77.07177033492823,97.02392344497608,1.9904306220095693,1.9521531100478469,142.36363636363637,145.71291866028707,7752.813397129186,8262.354066985647,1608.9186602870814,1826.200956937799,62.72727272727273,62.64114832535885,98.67942583732058,119.72248803827752,6.239234449760765,6.344497607655502,345.1387559808612,323.9425837320574,296.8325358851675,271.2535885167464,27.08133971291866,31.282296650717704,9.923444976076555,8.105263157894736,2.9760765550239237,3.4066985645933014,1.6363636363636365,1.8564593301435406,6.688995215311005,8.038277511961722,302.8995215311005,278.39234449760767,31.25358851674641,36.47846889952153,12.401913875598087,11.167464114832535,3.875598086124402,4.44976076555024,1.9712918660287082,2.172248803827751
Bamberg,51.64800469483568,6581.639788732395,12.808920187793428,602.0271126760564,3.7246478873239437,2.0332159624413144,2.251525821596244,116.54319248826292,113.38333333333334,76.49201877934273,628.8796109993293,275.15140845070425,13747.485077129444,45.0,45009.0,Bamberg,45009.0,33.21927586000002,-81.05659969,16.689655172413794,0.0,0.0,16.689655172413794,149.29617517417887,0.0,Bamberg,50.0,45.0,9.0,6.0,9.0,1605.9808612440193,767.9712918660288,838.0095693779904,295.33971291866027,297.0334928229665,457.511961722488,526.1244019138755,2.708133971291866,3.215311004784689,4.0,3.665071770334928,0.507177033492823,0.3062200956937799,7.904306220095694,7.6650717703349285,302.066985645933,303.61722488038276,462.2105263157895,530.7464114832536,6.009569377990431,6.440191387559809,5.301435406698564,4.688995215311005,0.7559808612440191,0.5263157894736842,751.9138755980862,825.2344497607655,285.14832535885165,288.60287081339715,453.3875598086124,522.9186602870814,2.0,2.583732057416268,4.0,3.665071770334928,0.15311004784688995,0.28708133971291866,7.22488038277512,7.177033492822966,291.3205741626794,294.7464114832536,457.64593301435406,527.3205741626795,5.07177033492823,5.55023923444976,5.157894736842105,4.641148325358851,0.3253588516746411,0.4880382775119617,16.057416267942585,12.775119617224881,10.191387559808613,8.430622009569378,4.124401913875598,3.2057416267942584,0.7081339712918661,0.631578947368421,0.0,0.0,0.35406698564593303,0.019138755980861243,0.6794258373205742,0.4880382775119617,10.746411483253588,8.870813397129186,4.564593301435407,3.425837320574163,0.937799043062201,0.8899521531100478,0.14354066985645933,0.04784688995215311,0.430622009569378,0.03827751196172249
Barnwell,64.59765625,4983.004340277777,15.475434027777778,631.2180555555556,4.617708333333334,2.262673611111111,2.410763888888889,124.49913194444444,141.66458333333333,78.21510416666666,637.8632192460317,283.18353174603175,11712.82353670635,45.0,45011.0,Barnwell,45011.0,33.266793020000016,-81.43584352,35.96551724137931,0.5172413793103449,0.0,35.44827586206897,210.86935684846162,2.272727272727273,Barnwell,50.0,45.0,11.0,6.0,9.0,2323.2918660287082,1108.5837320574162,1214.7081339712918,600.976076555024,629.3301435406698,475.89473684210526,555.2727272727273,6.15311004784689,5.7990430622009566,7.454545454545454,8.373205741626794,0.41148325358851673,0.10526315789473684,17.69377990430622,15.82775119617225,616.976076555024,643.1291866028708,486.2870813397129,565.0430622009569,12.851674641148325,11.712918660287082,9.626794258373206,10.31578947368421,1.0430622009569377,0.8038277511961722,1078.1818181818182,1194.9186602870814,578.5071770334928,615.3397129186603,470.6794258373206,550.622009569378,5.090909090909091,5.157894736842105,7.454545454545454,8.373205741626794,0.11483253588516747,0.10526315789473684,16.33492822966507,15.320574162679426,593.2344497607655,628.6794258373205,480.47846889952154,560.0861244019138,11.138755980861244,10.870813397129186,9.444976076555024,10.258373205741627,0.6985645933014354,0.8038277511961722,30.401913875598087,19.789473684210527,22.4688995215311,13.990430622009569,5.215311004784689,4.650717703349282,1.062200956937799,0.6411483253588517,0.0,0.0,0.2966507177033493,0.0,1.3588516746411483,0.507177033492823,23.741626794258373,14.44976076555024,5.8086124401913874,4.956937799043062,1.7129186602870814,0.8421052631578947,0.18181818181818182,0.05741626794258373,0.3444976076555024,0.0
Beaufort,122.39915108823264,4220.866477016166,39.200532827598664,582.8491736656732,7.515415876456245,3.7106113970920256,2.7697371985911676,80.9692043709925,296.35696739817575,80.03136458051115,611.0419682367664,264.0827624466205,9086.609874727457,45.0,45013.0,Beaufort,45013.0,32.39226291,-80.72619758,297.55172413793105,12.068965517241379,0.0,285.48275862068965,187.90143762817374,3.878116343490305,Beaufort,50.0,45.0,13.0,6.0,9.0,18210.593301435405,8968.545454545454,9242.047846889953,7004.8421052631575,7057.1291866028705,1643.5215311004786,1839.578947368421,42.066985645933016,37.483253588516746,105.6555023923445,132.77511961722487,11.588516746411484,12.440191387559809,160.87081339712918,162.64114832535884,7144.497607655502,7196.727272727273,1738.047846889952,1937.2535885167465,87.60765550239235,85.02392344497608,152.5071770334928,179.86602870813397,22.564593301435405,21.789473684210527,7847.866028708134,8268.44976076555,6017.090909090909,6207.6746411483255,1575.0239234449762,1779.3492822966507,20.267942583732058,18.401913875598087,97.10047846889952,122.70813397129187,5.253588516746412,5.110047846889952,133.12918660287082,135.20574162679426,6132.66985645933,6323.952153110048,1653.8181818181818,1860.5837320574162,54.899521531100476,55.866028708133975,137.4354066985646,162.60287081339712,13.732057416267942,12.095693779904305,1120.6794258373207,973.5980861244019,987.7511961722488,849.4545454545455,68.49760765550239,60.229665071770334,21.79904306220096,19.08133971291866,8.555023923444976,10.066985645933014,6.3349282296650715,7.330143540669856,27.741626794258373,27.435406698564595,1011.8277511961722,872.7751196172248,84.22966507177034,76.66985645933015,32.708133971291865,29.157894736842106,15.07177033492823,17.263157894736842,8.832535885167465,9.69377990430622
Berkeley,225.60111063648014,4297.718724191941,69.20133845934785,728.7780578100527,15.343058521999145,7.193763348996155,5.561583368930656,79.458664388438,461.2280506905881,86.16473017229104,690.9448343198877,260.4733223490165,9917.15258029739,45.0,45015.0,Berkeley,45015.0,33.202225959999986,-79.94654523000004,201.6206896551724,14.275862068965518,0.0,187.3448275862069,100.04080611828509,7.0175438596491215,Berkeley,50.0,45.0,15.0,6.0,9.0,20556.00956937799,10241.234449760766,10314.775119617225,7193.741626794258,7011.406698564593,2445.626794258373,2690.095693779904,78.4688995215311,67.8468899521531,239.3684210526316,274.00956937799043,13.722488038277511,12.354066985645932,270.3062200956938,259.0622009569378,7437.349282296651,7241.827751196172,2578.7368421052633,2824.593301435407,161.77033492822966,147.64593301435406,333.4066985645933,363.1578947368421,27.6555023923445,24.00956937799043,9551.741626794259,9722.066985645934,6632.200956937799,6528.545454545455,2384.4210526315787,2635.043062200957,54.54545454545455,50.47846889952153,229.32057416267943,264.91866028708137,8.401913875598087,8.880382775119617,242.85167464114832,234.20095693779905,6851.645933014354,6737.358851674641,2503.062200956938,2756.0095693779904,125.79904306220095,120.09569377990431,316.3349282296651,347.02392344497605,20.497607655502392,19.04306220095694,689.4928229665072,592.7081339712919,561.5406698564593,482.8612440191388,61.20574162679426,55.05263157894737,23.923444976076556,17.36842105263158,10.047846889952153,9.090909090909092,5.320574162679426,3.473684210526316,27.454545454545453,24.861244019138756,585.7033492822967,504.4688995215311,75.67464114832536,68.58373205741627,35.97129186602871,27.550239234449762,17.071770334928228,16.13397129186603,7.157894736842105,4.966507177033493
Calhoun,90.58447204968944,7786.892753623189,22.466045548654243,625.9985507246377,6.777846790890269,3.125672877846791,3.2480331262939957,122.58944099378883,172.8175983436853,76.54968944099379,626.6607512570246,276.6580893226856,10954.197574682046,45.0,45017.0,Calhoun,45017.0,33.66926880999998,-80.77722167999995,8.482758620689655,1.0,0.0,7.482758620689655,75.58578987150415,9.090909090909092,Calhoun,50.0,45.0,17.0,6.0,9.0,1568.9856459330144,760.1052631578947,808.8803827751196,441.0717703349282,436.94736842105266,304.0382775119617,356.7751196172249,4.15311004784689,3.444976076555024,1.8564593301435406,2.488038277511962,0.6698564593301436,0.6411483253588517,8.31578947368421,8.583732057416269,448.3732057416268,444.4306220095694,308.688995215311,361.88516746411483,7.559808612440191,6.7368421052631575,3.0239234449760763,3.84688995215311,1.0334928229665072,0.9952153110047847,730.9665071770335,784.9377990430622,419.14832535885165,419.1004784688995,298.9282296650718,352.39234449760767,2.937799043062201,2.325358851674641,1.8564593301435406,2.382775119617225,0.507177033492823,0.4688995215311005,7.588516746411483,8.267942583732058,425.77033492822966,426.2870813397129,303.27272727272725,357.33014354066984,5.952153110047847,5.502392344497608,2.937799043062201,3.6842105263157894,0.8516746411483254,0.8229665071770335,29.138755980861244,23.942583732057415,21.923444976076556,17.84688995215311,5.110047846889952,4.382775119617225,1.215311004784689,1.1196172248803828,0.0,0.10526315789473684,0.16267942583732056,0.1722488038277512,0.7272727272727273,0.3157894736842105,22.60287081339713,18.14354066985646,5.416267942583732,4.555023923444976,1.6076555023923444,1.2344497607655502,0.0861244019138756,0.16267942583732056,0.18181818181818182,0.1722488038277512
Charleston,119.34595327269484,3494.569570180132,37.66959514892099,574.5062992687712,7.364786873550918,3.7310968432316747,2.8885642946317103,76.16077759942928,265.35286606028177,80.88636347422865,614.098799969426,265.38626207037123,8657.435032739688,45.0,45019.0,Charleston,45019.0,32.82487865999999,-79.96512315,507.9310344827586,10.0,0.0,497.9310344827586,142.4383698827922,2.04778156996587,Charleston,50.0,45.0,19.0,6.0,9.0,39411.77033492823,19092.535885167465,20319.234449760766,13170.181818181818,13493.952153110047,5232.3253588516745,6104.239234449761,91.04306220095694,78.94736842105263,287.933014354067,325.5311004784689,21.923444976076556,20.220095693779903,289.1291866028708,296.3444976076555,13424.622009569379,13751.827751196171,5379.0526315789475,6263.531100478469,191.5023923444976,182.51674641148324,380.6124401913876,417.49282296650716,36.49760765550239,33.0622009569378,17964.019138755983,19419.904306220094,12223.674641148325,12753.186602870814,5149.004784688996,6023.645933014354,44.344497607655505,48.56459330143541,278.688995215311,317.85645933014354,13.84688995215311,12.354066985645932,254.45933014354068,264.29665071770336,12448.153110047846,12983.693779904306,5278.2200956937795,6165.148325358851,128.10526315789474,137.00478468899522,362.3444976076555,400.9665071770335,25.550239234449762,23.0622009569378,1128.5167464114832,899.3301435406698,946.5071770334928,740.7655502392345,83.32057416267942,80.5933014354067,46.698564593301434,30.382775119617225,9.24401913875598,7.6746411483253585,8.076555023923445,7.866028708133971,34.66985645933014,32.047846889952154,976.4688995215311,768.133971291866,100.83253588516746,98.38277511961722,63.39712918660287,45.51196172248804,18.267942583732058,16.526315789473685,10.947368421052632,10.0
Cherokee,126.02398210290828,3594.522058165548,33.744384787472036,571.4537807606264,9.329127516778524,3.994317673378076,3.869530201342282,106.66747203579418,296.26187919463086,77.6910067114094,611.0607861936721,289.8814956855225,10369.563694471077,45.0,45021.0,Cherokee,45021.0,35.05122251,-81.61828622,23.75862068965517,0.896551724137931,0.0,22.862068965517242,59.33682373472949,5.882352941176472,Cherokee,50.0,45.0,21.0,6.0,9.0,5909.1291866028705,2874.2296650717703,3034.8995215311006,2235.885167464115,2301.3301435406697,559.9617224880383,658.2966507177033,15.397129186602871,11.866028708133971,16.095693779904305,19.10047846889952,4.239234449760765,2.3444976076555024,42.65071770334928,41.961722488038276,2275.7703349282297,2340.3636363636365,587.1961722488038,685.8277511961722,29.205741626794257,25.416267942583733,20.30622009569378,22.822966507177032,5.3875598086124405,3.416267942583732,2745.0717703349283,2929.8564593301435,2129.5502392344497,2212.8516746411483,550.9377990430622,651.7799043062201,8.191387559808613,6.9952153110047846,15.339712918660288,18.411483253588518,0.8708133971291866,0.5741626794258373,40.18181818181818,39.24401913875598,2167.157894736842,2249.4545454545455,576.6507177033493,677.7129186602871,21.071770334928228,19.607655502392344,19.301435406698566,21.636363636363637,1.875598086124402,1.5023923444976077,129.1578947368421,105.04306220095694,106.33492822966507,88.47846889952153,9.023923444976077,6.516746411483253,7.205741626794258,4.8708133971291865,0.7559808612440191,0.6889952153110048,3.3684210526315788,1.770334928229665,2.4688995215311005,2.7177033492822966,108.61244019138756,90.9090909090909,10.545454545454545,8.114832535885167,8.133971291866029,5.8086124401913874,1.0047846889952152,1.186602870813397,3.511961722488038,1.9138755980861244
Chester,90.13376865671641,5426.293345771144,21.90671641791045,676.6484452736319,7.8001243781094525,3.3868781094527365,3.2937810945273633,130.61150497512438,172.09633084577115,79.49104477611941,659.0652985074627,300.9032515991471,10055.982320540157,45.0,45023.0,Chester,45023.0,34.692491679999996,-81.15832159999995,42.172413793103445,0.0,0.0,42.172413793103445,192.28383575238803,0.0,Chester,50.0,45.0,23.0,6.0,9.0,3438.870813397129,1662.2392344497607,1776.6315789473683,1022.1148325358852,1051.732057416268,599.4832535885167,681.1866028708134,8.822966507177034,7.69377990430622,6.2105263157894735,7.4066985645933014,0.44976076555023925,0.45933014354066987,25.157894736842106,28.15311004784689,1044.7464114832535,1076.842105263158,615.7129186602871,699.3205741626795,17.23444976076555,17.68421052631579,9.263157894736842,10.583732057416269,1.5406698564593302,1.4354066985645932,1628.047846889952,1750.9856459330144,995.0430622009569,1032.4114832535886,595.0622009569378,677.377990430622,8.095693779904305,7.244019138755981,5.8086124401913874,7.014354066985646,0.4019138755980861,0.430622009569378,23.636363636363637,26.507177033492823,1016.2870813397129,1056.0382775119617,610.3732057416267,694.4497607655502,15.818181818181818,16.497607655502392,8.641148325358852,9.980861244019138,1.3205741626794258,1.3397129186602872,34.19138755980861,25.645933014354068,27.071770334928228,19.320574162679424,4.421052631578948,3.8086124401913874,0.7272727272727273,0.44976076555023925,0.4019138755980861,0.3923444976076555,0.04784688995215311,0.028708133971291867,1.5215311004784688,1.645933014354067,28.45933014354067,20.803827751196174,5.339712918660287,4.8708133971291865,1.4162679425837321,1.186602870813397,0.6220095693779905,0.6028708133971292,0.22009569377990432,0.09569377990430622
Chesterfield,97.20271917487108,5115.431692451945,25.154524144397563,624.632770745429,7.270276605719643,3.2911392405063293,3.2931551804969525,118.32601969057666,211.28499765588373,78.46605719643695,631.2794186591655,295.03991695130935,11312.457638470296,45.0,45025.0,Chesterfield,45025.0,34.64137396,-80.15640140000004,96.65517241379311,1.4827586206896552,0.0,95.17241379310344,361.44578313253015,2.4242424242424243,Chesterfield,50.0,45.0,25.0,6.0,9.0,4870.028708133971,2369.9521531100477,2500.0765550239234,1553.933014354067,1580.047846889952,747.1961722488038,848.6794258373205,17.358851674641148,16.95693779904306,10.497607655502392,13.157894736842104,1.5311004784688995,0.9473684210526315,39.43540669856459,40.28708133971292,1589.1291866028707,1615.5502392344497,774.4880382775119,876.1148325358852,29.770334928229666,30.248803827751196,14.870813397129186,17.971291866028707,3.3779904306220097,2.861244019138756,2249.0813397129186,2429.0813397129186,1452.3636363636363,1525.2727272727273,738.8708133971292,841.4641148325359,12.239234449760765,13.85645933014354,9.291866028708133,12.516746411483254,0.8038277511961722,0.4880382775119617,35.51196172248804,35.483253588516746,1483.9234449760766,1556.6124401913876,763.7799043062201,865.8181818181819,23.014354066985646,25.291866028708135,13.090909090909092,16.497607655502392,2.449760765550239,2.1339712918660285,120.87081339712918,70.99521531100478,101.56937799043062,54.77511961722488,8.325358851674642,7.215311004784689,5.119617224880383,3.1004784688995217,1.2057416267942584,0.6411483253588517,0.7272727272727273,0.45933014354066987,3.923444976076555,4.803827751196172,105.20574162679426,58.9377990430622,10.708133971291867,10.296650717703349,6.755980861244019,4.956937799043062,1.7799043062200957,1.4736842105263157,0.9282296650717703,0.7272727272727273
Clarendon,89.9346434515427,5107.274548713353,21.89009089745231,665.6256561259762,6.9079503264626805,2.972474715145308,2.919344514146716,117.38048905389834,184.42965049289464,79.31846114453975,650.309092572265,291.8484266373948,11664.573819978046,45.0,45027.0,Clarendon,45027.0,33.66610974000002,-80.21647897999996,269.6551724137931,30.620689655172413,0.0,239.0344827586207,877.1669877018817,12.837837837837839,Clarendon,50.0,45.0,27.0,6.0,9.0,3619.511961722488,1780.8803827751196,1838.6315789473683,890.5837320574162,883.2057416267943,856.6028708133971,920.5741626794259,5.655502392344498,5.6746411483253585,12.028708133971293,12.956937799043063,0.3923444976076555,0.784688995215311,15.617224880382775,15.435406698564593,903.8947368421053,896.3540669856459,866.2775119617224,930.2870813397129,11.617224880382775,11.492822966507177,14.296650717703349,15.24401913875598,1.1291866028708133,1.4641148325358853,1725.2727272727273,1791.6172248803828,850.0,851.1387559808612,846.0765550239234,909.2918660287081,4.028708133971292,4.344497607655502,11.5311004784689,12.851674641148325,0.1722488038277512,0.35406698564593303,13.464114832535886,13.636363636363637,861.6363636363636,862.7177033492823,854.3444976076555,918.0861244019138,9.062200956937799,9.444976076555024,13.38755980861244,14.746411483253588,0.784688995215311,0.8708133971291866,55.60765550239235,47.014354066985646,40.58373205741627,32.066985645933016,10.526315789473685,11.282296650717702,1.6267942583732058,1.3301435406698565,0.49760765550239233,0.10526315789473684,0.22009569377990432,0.430622009569378,2.15311004784689,1.799043062200957,42.25837320574163,33.63636363636363,11.933014354066986,12.200956937799043,2.555023923444976,2.047846889952153,0.9090909090909091,0.49760765550239233,0.3444976076555024,0.5933014354066986
Colleton,107.29407204742363,5041.670451436388,29.10191518467852,617.9758777929777,8.493251253989968,3.398358413132695,3.988873689010488,107.46493388052896,224.4496124031008,78.13720930232559,630.5845873233014,279.6990424076607,11543.219855384013,45.0,45029.0,Colleton,45029.0,32.875829889999984,-80.67641292000003,50.44827586206897,5.689655172413793,0.0,44.758620689655174,244.18079995753376,11.956521739130435,Colleton,50.0,45.0,29.0,6.0,9.0,4007.377990430622,1928.421052631579,2078.956937799043,1165.177033492823,1181.8851674641148,709.244019138756,838.0191387559809,16.717703349282296,18.095693779904305,7.70334928229665,9.464114832535886,0.7751196172248804,1.0047846889952152,28.803827751196174,30.48803827751196,1190.2775119617224,1208.133971291866,726.8708133971292,857.0430622009569,27.39712918660287,29.09090909090909,11.904306220095695,14.086124401913876,2.1913875598086126,2.6315789473684212,1861.4545454545455,2027.0334928229665,1110.4401913875597,1142.8995215311004,702.421052631579,830.8516746411483,14.861244019138756,16.019138755980862,7.3971291866028706,9.07177033492823,0.44976076555023925,0.5741626794258373,25.885167464114833,27.617224880382775,1133.2153110047848,1166.6794258373207,718.3827751196172,848.1052631578947,24.172248803827753,25.933014354066987,10.976076555023923,13.090909090909092,1.6650717703349283,2.0095693779904304,66.96650717703349,51.92344497607655,54.73684210526316,38.985645933014354,6.822966507177034,7.167464114832536,1.8564593301435406,2.076555023923445,0.3062200956937799,0.3923444976076555,0.3253588516746411,0.430622009569378,2.9186602870813396,2.8708133971291865,57.0622009569378,41.45454545454545,8.488038277511961,8.937799043062201,3.22488038277512,3.1578947368421053,0.9282296650717703,0.9952153110047847,0.5263157894736842,0.6220095693779905
Darlington,89.89134419551935,3510.709504412763,24.504378818737273,664.3055329260013,6.761439239646979,3.185573659198914,3.3677528852681604,109.63536999321113,188.62206381534284,81.66503733876442,664.49869071865,290.25754049073805,8138.901270487829,45.0,45031.0,Darlington,45031.0,34.33358335000002,-79.96027484999998,200.55172413793105,4.655172413793103,0.0,195.89655172413794,414.3024407817707,3.260869565217391,Darlington,50.0,45.0,31.0,6.0,9.0,7139.760765550239,3375.9617224880385,3763.799043062201,1952.4976076555024,2077.224880382775,1356.8612440191387,1618.1148325358852,13.167464114832535,10.947368421052632,13.4066985645933,14.842105263157896,1.6842105263157894,1.5502392344497609,38.344497607655505,41.119617224880386,1986.153110047847,2112.717703349282,1381.0813397129186,1645.4258373205741,26.354066985645932,25.349282296650717,19.014354066985646,20.33492822966507,3.7033492822966507,3.521531100478469,3306.775119617225,3703.1100478468898,1902.8325358851675,2033.6076555023924,1343.8564593301435,1605.9425837320575,10.861244019138756,9.85645933014354,12.880382775119617,14.488038277511961,0.4784688995215311,0.4019138755980861,35.866028708133975,38.813397129186605,1934.267942583732,2067.2344497607655,1366.622009569378,1631.7894736842106,23.10047846889952,23.272727272727273,18.19138755980861,19.636363636363637,2.287081339712919,2.229665071770335,69.1866028708134,60.688995215311,49.665071770334926,43.61722488038278,13.004784688995215,12.17224880382775,2.3062200956937797,1.0909090909090908,0.5263157894736842,0.35406698564593303,1.2057416267942584,1.1483253588516746,2.478468899521531,2.3062200956937797,51.88516746411483,45.483253588516746,14.45933014354067,13.636363636363637,3.2535885167464116,2.076555023923445,0.8229665071770335,0.6985645933014354,1.4162679425837321,1.291866028708134
Dillon,63.444736842105264,3478.8875,15.760380116959064,551.2140350877193,4.988815789473684,2.175950292397661,2.098830409356725,122.79071637426901,140.28238304093568,72.29480994152047,594.9713868003341,297.19945697577276,10232.684837092731,45.0,45033.0,Dillon,45033.0,34.390077909999974,-79.37741872,113.48275862068965,1.1379310344827587,0.0,112.34482758620689,511.8278158732242,1.9230769230769231,Dillon,50.0,45.0,33.0,6.0,9.0,3303.732057416268,1558.4306220095693,1745.3014354066986,768.3636363636364,826.3062200956938,710.8325358851674,835.2631578947369,45.464114832535884,47.933014354066984,5.043062200956938,6.631578947368421,0.631578947368421,0.3253588516746411,28.095693779904305,28.842105263157894,792.9952153110048,850.9377990430622,728.5837320574162,854.0574162679426,55.80861244019139,59.04306220095694,8.17224880382775,9.722488038277511,1.923444976076555,1.368421052631579,1512.822966507177,1703.377990430622,737.4258373205741,799.244019138756,704.8516746411483,828.5741626794259,38.94736842105263,41.578947368421055,4.574162679425838,6.382775119617225,0.631578947368421,0.3253588516746411,26.392344497607656,27.272727272727273,760.555023923445,822.4976076555024,721.5980861244019,846.3732057416267,48.66028708133971,52.143540669856456,7.454545454545454,9.24401913875598,1.8660287081339713,1.3301435406698565,45.60765550239235,41.92344497607655,30.9377990430622,27.0622009569378,5.980861244019139,6.688995215311005,6.516746411483253,6.354066985645933,0.4688995215311005,0.24880382775119617,0.0,0.0,1.7033492822966507,1.569377990430622,32.44019138755981,28.440191387559807,6.985645933014354,7.684210526315789,7.148325358851674,6.899521531100478,0.7177033492822966,0.4784688995215311,0.05741626794258373,0.03827751196172249
Dorchester,201.17174442570732,3964.46483042908,68.25238898257447,692.3376803447629,12.567341202922991,6.035469364811692,5.296439947536069,75.17699081881207,503.4799887577291,86.40876897133221,670.783639819053,261.61594261088356,8979.440536416927,45.0,45035.0,Dorchester,45035.0,33.07943690000001,-80.40502652000002,117.58620689655173,3.0,0.0,114.58620689655173,98.88888206425936,1.8633540372670807,Dorchester,50.0,45.0,35.0,6.0,9.0,15459.588516746411,7525.818181818182,7933.77033492823,5264.22966507177,5409.444976076555,1892.267942583732,2093.8373205741627,55.67464114832536,55.21531100478469,114.44976076555024,157.17703349282297,9.818181818181818,11.24401913875598,189.37799043062202,206.85167464114832,5432.813397129186,5590.497607655502,1997.311004784689,2212.2296650717703,108.38277511961722,115.7511961722488,173.83732057416267,221.52153110047846,19.751196172248804,20.784688995215312,7147.406698564593,7563.301435406698,4955.004784688996,5113.6746411483255,1855.0813397129186,2051.6076555023924,47.04306220095694,48.28708133971292,109.67464114832536,152.42105263157896,8.210526315789474,9.358851674641148,172.39234449760767,187.95215311004785,5108.832535885167,5278.602870813397,1950.8708133971293,2159.129186602871,92.7464114832536,101.377990430622,165.00478468899522,211.9043062200957,16.88995215311005,17.71291866028708,378.41148325358853,370.4688995215311,309.2248803827751,295.77033492822966,37.186602870813395,42.229665071770334,8.631578947368421,6.92822966507177,4.77511961722488,4.755980861244019,1.6076555023923444,1.8851674641148326,16.985645933014354,18.89952153110048,323.98086124401914,311.89473684210526,46.44019138755981,53.100478468899524,15.636363636363637,14.373205741626794,8.832535885167465,9.617224880382775,2.861244019138756,3.0717703349282295
Edgefield,80.30968096809681,6632.749394939494,22.857425742574257,542.7234323432343,5.874697469746975,2.7264026402640265,2.672937293729373,84.10627062706271,176.1074807480748,81.71012101210121,593.9358793022159,242.0854942637121,11308.290586201478,45.0,45037.0,Edgefield,45037.0,33.772219950000014,-81.96231108,41.37931034482759,1.9655172413793103,0.0,39.41379310344828,187.08730741012474,3.92156862745098,Edgefield,50.0,45.0,37.0,6.0,9.0,2821.004784688995,1521.3492822966507,1299.6555023923445,916.5167464114833,805.7320574162679,568.6985645933014,469.88516746411483,6.794258373205742,3.827751196172249,6.105263157894737,6.095693779904306,1.3205741626794258,0.6889952153110048,21.913875598086126,13.425837320574162,934.6985645933014,817.7703349282297,581.9904306220096,477.6650717703349,16.0,8.966507177033494,9.368421052631579,7.875598086124402,2.3157894736842106,1.4162679425837321,1400.5933014354066,1263.6842105263158,815.7511961722488,775.8086124401914,557.1770334928229,466.4688995215311,4.258373205741627,2.909090909090909,5.923444976076555,5.990430622009569,0.9569377990430622,0.5741626794258373,16.526315789473685,11.933014354066986,829.377990430622,786.5263157894736,568.0574162679426,473.35885167464113,10.47846889952153,7.473684210526316,8.220095693779903,7.598086124401914,1.770334928229665,1.215311004784689,120.75598086124401,35.97129186602871,100.76555023923444,29.923444976076556,11.52153110047847,3.416267942583732,2.535885167464115,0.9186602870813397,0.18181818181818182,0.10526315789473684,0.36363636363636365,0.11483253588516747,5.3875598086124405,1.492822966507177,105.32057416267942,31.24401913875598,13.933014354066986,4.30622009569378,5.521531100478469,1.492822966507177,1.1483253588516746,0.27751196172248804,0.5454545454545454,0.20095693779904306
Fairfield,75.58654970760234,6196.626900584795,21.140155945419103,638.8616959064327,5.293079922027291,2.375730994152047,2.3458089668615982,90.17524366471734,155.84493177387915,82.94619883040936,648.2982456140351,260.6914508493456,12189.406154274575,45.0,45039.0,Fairfield,45039.0,34.39287073000002,-81.11956239999999,110.37931034482759,6.689655172413793,0.0,103.6896551724138,751.7787622499665,8.928571428571429,Fairfield,50.0,45.0,39.0,6.0,9.0,2444.937799043062,1168.5741626794259,1276.3636363636363,471.8086124401914,488.41148325358853,671.933014354067,763.1866028708134,3.263157894736842,3.4832535885167464,4.9952153110047846,4.755980861244019,0.22966507177033493,0.21052631578947367,16.3444976076555,16.31578947368421,485.85645933014354,502.8038277511962,682.4306220095693,773.9904306220096,8.736842105263158,8.89952153110048,7.425837320574162,6.794258373205742,1.0909090909090908,0.784688995215311,1143.358851674641,1256.1626794258373,453.7894736842105,474.14354066985646,667.3205741626795,759.023923444976,2.6985645933014353,3.311004784688995,4.746411483253588,4.698564593301436,0.06698564593301436,0.028708133971291867,14.736842105263158,14.956937799043063,466.4401913875598,487.311004784689,676.9186602870814,768.9569377990431,7.617224880382775,8.277511961722489,6.861244019138756,6.545454545454546,0.7559808612440191,0.5645933014354066,25.215311004784688,20.20095693779904,18.019138755980862,14.267942583732058,4.6124401913875595,4.162679425837321,0.5645933014354066,0.1722488038277512,0.24880382775119617,0.05741626794258373,0.16267942583732056,0.18181818181818182,1.6076555023923444,1.3588516746411483,19.416267942583733,15.492822966507177,5.511961722488039,5.033492822966507,1.1196172248803828,0.6220095693779905,0.5645933014354066,0.24880382775119617,0.3349282296650718,0.22009569377990432
Florence,119.16894577544397,3391.9593650099064,35.25332749881486,644.1581762267683,8.564331643754027,3.8106455651582007,3.641225735088551,104.33727163330052,282.36553258213905,81.27323779309339,648.4699037893786,285.4457990344205,9354.23118335591,45.0,45041.0,Florence,45041.0,34.02361754000001,-79.70189312000001,486.2068965517241,25.448275862068964,0.0,460.7586206896552,460.61622786402796,5.808477237048667,Florence,50.0,45.0,41.0,6.0,9.0,14522.478468899522,6799.578947368421,7722.899521531101,3849.492822966507,4117.32057416268,2745.8564593301435,3377.4545454545455,26.267942583732058,31.502392344497608,94.10526315789474,102.22966507177034,3.511961722488038,2.526315789473684,80.3444976076555,91.86602870813397,3916.1244019138758,4191.827751196172,2798.4784688995214,3437.492822966507,53.60765550239235,65.377990430622,108.77511961722487,118.10526315789474,7.645933014354067,7.090909090909091,6621.540669856459,7553.827751196172,3720.4593301435407,3996.976076555024,2716.507177033493,3346.3444976076553,18.679425837320576,25.550239234449762,91.92344497607655,100.38277511961722,3.3014354066985647,2.478468899521531,70.66985645933015,82.09569377990431,3778.8995215311006,4063.3014354066986,2764.181818181818,3400.6698564593303,41.45454545454545,55.16746411483253,104.5933014354067,114.4688995215311,6.76555023923445,6.535885167464115,178.03827751196172,169.07177033492823,129.0334928229665,120.3444976076555,29.349282296650717,31.11004784688995,7.588516746411483,5.952153110047847,2.1818181818181817,1.8468899521531101,0.21052631578947367,0.04784688995215311,9.674641148325358,9.770334928229666,137.22488038277513,128.52631578947367,34.29665071770335,36.822966507177036,12.15311004784689,10.210526315789474,4.181818181818182,3.6363636363636362,0.8803827751196173,0.5550239234449761
Georgetown,115.14136178861789,3834.4588160569106,35.75899390243902,595.3040904471545,7.183689024390244,3.3491107723577236,2.668191056910569,87.01661585365854,261.3531504065041,82.20332825203252,616.1737078977933,269.5846036585366,9661.112986353079,45.0,45043.0,Georgetown,45043.0,33.43443342,-79.33202140999997,54.06896551724138,3.0,0.0,51.06896551724138,118.05998723675812,4.0540540540540535,Georgetown,50.0,45.0,43.0,6.0,9.0,6409.636363636364,3046.0191387559807,3363.6172248803828,2032.3253588516745,2167.4354066985647,957.2153110047847,1139.8086124401914,9.779904306220097,8.4688995215311,14.382775119617225,18.669856459330145,1.5885167464114833,0.9760765550239234,30.727272727272727,28.258373205741627,2058.153110047847,2190.0765550239234,975.8755980861245,1157.5885167464114,22.047846889952154,19.454545454545453,19.0622009569378,23.454545454545453,3.4545454545454546,3.0047846889952154,2933.6555023923447,3281.3301435406697,1943.2727272727273,2099.9234449760766,944.5645933014354,1130.0,7.3875598086124405,7.138755980861244,13.492822966507177,17.70334928229665,0.9186602870813397,0.5550239234449761,24.019138755980862,26.00956937799043,1963.3397129186603,2120.5741626794256,959.6363636363636,1146.4497607655503,16.30622009569378,17.301435406698566,17.330143540669855,22.210526315789473,2.325358851674641,2.4210526315789473,112.36363636363636,82.28708133971291,89.05263157894737,67.51196172248804,12.650717703349283,9.808612440191387,2.3923444976076556,1.3301435406698565,0.8899521531100478,0.9665071770334929,0.6698564593301436,0.42105263157894735,6.708133971291866,2.248803827751196,94.8133971291866,69.50239234449761,16.239234449760765,11.138755980861244,5.741626794258373,2.15311004784689,1.7320574162679425,1.244019138755981,1.1291866028708133,0.583732057416268
Greenville,143.0597726023633,3388.0045445177248,45.58237153064029,691.8027754877713,9.41016762846936,4.518586837043144,3.7401003022808466,70.7692463588898,323.12217298708435,86.29522190162132,676.7704579358536,261.83401052094376,9461.567905232992,45.0,45045.0,Greenville,45045.0,34.895022639999986,-82.37295012000003,1048.4137931034484,47.03448275862069,0.0,1001.3793103448276,279.0607057313453,3.901437371663244,Greenville,50.0,45.0,45.0,6.0,9.0,50189.588516746415,24350.765550239234,25838.822966507178,18898.17224880383,19767.023923444976,4360.44019138756,4886.076555023923,136.44019138755982,119.11961722488039,527.6555023923445,600.9569377990431,20.354066985645932,16.535885167464116,407.70334928229664,449.1100478468899,19270.736842105263,20173.148325358852,4601.444976076555,5151.913875598086,241.32057416267943,241.78947368421052,638.9665071770335,722.8708133971292,37.68421052631579,34.66028708133971,22075.82775119617,23805.148325358852,16896.22009569378,17987.885167464116,4239.636363636364,4764.966507177033,49.52153110047847,55.22488038277512,514.688995215311,588.5933014354067,13.330143540669857,10.5933014354067,362.4306220095694,397.88516746411483,17228.842105263157,18348.535885167465,4454.899521531101,5000.727272727273,137.311004784689,159.23444976076556,615.0622009569378,698.2870813397129,27.282296650717704,25.71291866028708,2274.937799043062,2033.6746411483255,2001.952153110048,1779.1387559808613,120.80382775119617,121.11004784688996,86.91866028708134,63.89473684210526,12.966507177033494,12.363636363636363,7.023923444976076,5.942583732057416,45.27272727272727,51.22488038277512,2041.8947368421052,1824.6124401913876,146.54545454545453,151.1866028708134,104.00956937799043,82.55502392344498,23.904306220095695,24.583732057416267,10.401913875598087,8.947368421052632
Greenwood,102.73996101364523,3222.402367028683,26.71055416318574,649.1272347535505,8.262962962962963,3.345391255917572,3.5336675020885546,109.93266499582289,207.28095238095239,80.33544973544974,642.5618013287186,286.12762063889886,9754.09432310936,45.0,45047.0,Greenwood,45047.0,34.15272415000001,-82.12715789000002,72.58620689655173,0.5517241379310345,0.0,72.03448275862068,180.7628758243776,0.78125,Greenwood,50.0,45.0,47.0,6.0,9.0,7370.114832535885,3445.8755980861242,3924.2392344497607,2289.377990430622,2513.7894736842104,1056.6315789473683,1300.956937799043,18.75598086124402,18.31578947368421,36.08612440191388,44.10526315789474,3.2822966507177034,2.9473684210526314,41.74162679425837,44.1244019138756,2327.177033492823,2553.904306220096,1082.1626794258373,1328.7177033492824,31.760765550239235,31.83732057416268,43.43540669856459,51.54066985645933,4.842105263157895,4.4688995215311005,3220.593301435407,3727.406698564593,2108.976076555024,2353.4736842105262,1035.0813397129186,1284.822966507177,6.832535885167464,7.6746411483253585,33.751196172248804,42.60287081339713,0.9473684210526315,0.8421052631578947,35.004784688995215,37.99043062200957,2140.775119617225,2387.9617224880385,1057.157894736842,1308.8995215311004,16.76555023923445,18.535885167464116,39.952153110047846,49.20574162679426,2.0861244019138754,2.1626794258373208,225.2822966507177,196.83253588516746,180.4019138755981,160.31578947368422,21.550239234449762,16.13397129186603,11.923444976076555,10.641148325358852,2.334928229665072,1.5023923444976077,2.334928229665072,2.1052631578947367,6.7368421052631575,6.133971291866029,186.4019138755981,165.94258373205741,25.004784688995215,19.818181818181817,14.995215311004785,13.301435406698564,3.4832535885167464,2.334928229665072,2.7559808612440193,2.3062200956937797
Hampton,85.78628571428571,5112.419333333333,21.351714285714287,546.468,7.276857142857143,3.6883809523809523,2.5453333333333332,130.62352380952382,181.73533333333333,74.02019047619048,591.8038095238095,292.02190476190475,13258.849523809524,45.0,45049.0,Hampton,45049.0,32.77419582000002,-81.13845571,29.586206896551722,0.13793103448275862,0.0,29.448275862068964,187.28540214337738,0.0,Hampton,50.0,45.0,49.0,6.0,9.0,2145.4736842105262,1099.6842105263158,1045.7894736842106,492.9856459330144,446.3444976076555,580.7272727272727,579.5885167464115,5.464114832535885,3.4066985645933014,6.717703349282297,5.23444976076555,0.8708133971291866,0.1339712918660287,12.91866028708134,11.08133971291866,503.0622009569378,455.5023923444976,589.244019138756,586.5645933014354,10.411483253588516,7.435406698564593,9.08133971291866,7.196172248803828,1.6267942583732058,0.7464114832535885,1039.6937799043062,1024.5454545454545,448.8612440191388,433.60765550239233,569.6267942583733,572.8325358851674,2.7559808612440193,2.7177033492822966,5.952153110047847,5.033492822966507,0.6602870813397129,0.1339712918660287,11.83732057416268,10.220095693779903,458.04784688995215,442.1244019138756,577.3397129186603,579.3205741626795,7.186602870813397,6.29665071770335,8.124401913875598,6.813397129186603,1.38755980861244,0.6889952153110048,59.99043062200957,21.24401913875598,44.1244019138756,12.736842105263158,11.10047846889952,6.755980861244019,2.708133971291866,0.6889952153110048,0.7655502392344498,0.20095693779904306,0.21052631578947367,0.0,1.0813397129186604,0.861244019138756,45.014354066985646,13.37799043062201,11.904306220095695,7.244019138755981,3.22488038277512,1.138755980861244,0.9569377990430622,0.3827751196172249,0.23923444976076555,0.05741626794258373
Horry,201.50608450704226,3206.0379577464787,62.98039436619718,641.4215023474178,13.425295774647887,6.57818779342723,5.404370892018779,74.93839906103287,438.27947887323944,84.11449765258216,641.5716498993963,264.69220657277,8650.86657947686,45.0,45051.0,Horry,45051.0,33.92128279999998,-78.99555293000002,298.62068965517244,19.379310344827587,0.0,279.2413793103448,115.79271409649205,6.097560975609755,Horry,50.0,45.0,51.0,6.0,9.0,31182.516746411482,15129.76076555024,16052.755980861244,12546.143540669857,13209.148325358852,1999.7416267942583,2233.5789473684213,97.85645933014354,88.622009569378,167.85645933014354,207.66507177033492,27.85645933014354,21.435406698564595,290.3062200956938,292.3062200956938,12811.626794258373,13473.846889952154,2162.306220095694,2401.5789473684213,194.83253588516746,187.92344497607655,235.25358851674642,275.0047846889952,38.50717703349282,31.08133971291866,14098.478468899522,15196.574162679426,11662.574162679426,12477.77033492823,1939.6076555023924,2181.004784688995,62.334928229665074,61.8755980861244,157.30143540669857,199.22488038277513,16.832535885167463,13.138755980861244,259.82775119617224,263.5598086124402,11901.33014354067,12717.377990430621,2085.7033492822966,2332.7655502392345,145.91387559808612,149.1578947368421,218.17224880382776,260.066985645933,25.272727272727273,21.08133971291866,1031.2822966507176,856.1818181818181,883.5693779904307,731.377990430622,60.133971291866025,52.57416267942584,35.52153110047847,26.74641148325359,10.555023923444976,8.440191387559809,11.023923444976077,8.296650717703349,30.47846889952153,28.74641148325359,910.2966507177033,756.4688995215311,76.60287081339713,68.8133971291866,48.91866028708134,38.76555023923445,17.08133971291866,14.937799043062201,13.23444976076555,10.0
Jasper,225.10112781954888,6114.308333333333,70.90125313283208,520.4277568922306,14.73421052631579,6.7898496240601505,4.586528822055138,74.10601503759399,511.74104010025064,80.28208020050126,584.9734156820623,252.04260651629073,12654.703813104188,45.0,45053.0,Jasper,45053.0,32.431719820000005,-81.02487494999998,27.620689655172413,1.2758620689655173,0.0,26.344827586206897,129.68443454261296,5.128205128205129,Jasper,50.0,45.0,53.0,6.0,9.0,2787.5406698564593,1429.7703349282297,1357.7703349282297,764.0478468899521,696.9282296650717,624.2679425837321,623.5598086124402,14.076555023923445,5.980861244019139,9.770334928229666,13.272727272727273,1.6363636363636365,0.631578947368421,15.971291866028707,17.39712918660287,777.7320574162679,711.7799043062201,634.3636363636364,634.9856459330143,19.79904306220096,11.971291866028707,12.334928229665072,15.961722488038278,2.4688995215311005,1.4545454545454546,1204.0,1195.6076555023924,568.2775119617224,554.2966507177033,609.799043062201,610.976076555024,4.392344497607655,2.7177033492822966,8.631578947368421,12.325358851674642,0.36363636363636365,0.3062200956937799,12.535885167464114,14.985645933014354,579.0622009569378,567.0047846889952,617.9234449760766,621.0717703349283,8.545454545454545,7.6650717703349285,10.583732057416269,14.62200956937799,0.9665071770334929,0.9665071770334929,225.77033492822966,162.16267942583733,195.77033492822966,142.6315789473684,14.4688995215311,12.583732057416269,9.68421052631579,3.263157894736842,1.138755980861244,0.9473684210526315,1.2727272727272727,0.3253588516746411,3.4354066985645932,2.411483253588517,198.66985645933013,144.77511961722487,16.440191387559807,13.913875598086124,11.253588516746412,4.30622009569378,1.7511961722488039,1.3397129186602872,1.5023923444976077,0.4880382775119617
Kershaw,122.29909808342728,5244.308455467869,35.53434798947764,692.188726042841,9.016272078166104,4.5813979706877115,4.1260804208944,100.13243141676061,256.2183389703119,82.22157083803081,669.041874698019,275.854297525098,9529.475224137006,45.0,45055.0,Kershaw,45055.0,34.339882539999984,-80.58763163999997,270.1034482758621,12.10344827586207,0.0,258.0,486.8446755120132,4.320987654320987,Kershaw,50.0,45.0,55.0,6.0,9.0,6639.244019138756,3219.377990430622,3419.866028708134,2362.870813397129,2454.4114832535884,773.3301435406698,877.1961722488038,14.095693779904305,11.923444976076555,17.923444976076556,24.89952153110048,2.277511961722488,2.1626794258373208,48.880382775119614,49.27272727272727,2407.626794258373,2498.7464114832537,804.1435406698564,907.7799043062201,28.392344497607656,26.669856459330145,26.43062200956938,33.770334928229666,4.086124401913875,4.267942583732057,3076.8803827751194,3297.2631578947367,2247.282296650718,2354.9856459330144,756.7942583732057,862.3636363636364,10.660287081339712,9.952153110047847,16.239234449760765,23.68421052631579,1.2248803827751196,1.368421052631579,44.67942583732057,44.90909090909091,2288.2775119617227,2395.377990430622,785.2535885167464,890.4306220095693,23.071770334928228,22.94736842105263,23.980861244019138,31.80861244019139,2.8421052631578947,3.263157894736842,142.4976076555024,122.60287081339713,115.58851674641149,99.42583732057416,16.535885167464116,14.832535885167465,3.4354066985645932,1.9712918660287082,1.6842105263157894,1.215311004784689,1.0526315789473684,0.7942583732057417,4.2009569377990434,4.363636363636363,119.34928229665071,103.36842105263158,18.88995215311005,17.349282296650717,5.320574162679426,3.722488038277512,2.449760765550239,1.9617224880382775,1.244019138755981,1.0047846889952152
Lancaster,312.94108820096704,4367.279442005224,108.63458011448897,718.010448507753,18.040932584894126,7.995887289501473,5.329100205635525,86.91118768409937,669.9097982548769,84.2235035847274,683.0355271514767,271.34332327723087,10921.499206097174,45.0,45057.0,Lancaster,45057.0,34.68270843000002,-80.70513032000004,110.79310344827586,4.655172413793103,0.0,106.13793103448276,131.61653675060197,3.875968992248062,Lancaster,50.0,45.0,57.0,6.0,9.0,8763.971291866028,4284.660287081339,4479.311004784689,3179.33971291866,3336.4784688995214,989.866028708134,1020.7655502392345,15.923444976076555,14.392344497607656,40.01913875598086,47.301435406698566,2.6794258373205744,1.5502392344497609,56.83253588516747,58.822966507177036,3231.196172248804,3389.1004784688994,1028.2583732057417,1059.4449760765551,31.751196172248804,31.779904306220097,48.229665071770334,56.48803827751196,5.215311004784689,4.143540669856459,4058.784688995215,4276.44019138756,2986.114832535885,3160.0478468899523,971.3014354066986,1004.555023923445,12.401913875598087,12.086124401913876,38.08612440191388,46.15311004784689,1.0526315789473684,0.8421052631578947,49.82775119617225,52.75598086124402,3031.6172248803828,3207.2918660287082,1005.3205741626795,1039.3205741626793,25.751196172248804,27.196172248803826,45.09090909090909,54.411483253588514,3.014354066985646,3.110047846889952,225.8755980861244,202.87081339712918,193.22488038277513,176.4306220095694,18.564593301435405,16.210526315789473,3.521531100478469,2.3062200956937797,1.9330143540669857,1.1483253588516746,1.6267942583732058,0.7081339712918661,7.0047846889952154,6.0669856459330145,199.57894736842104,181.80861244019138,22.9377990430622,20.124401913875598,6.0,4.583732057416268,3.138755980861244,2.076555023923445,2.200956937799043,1.0334928229665072
Laurens,84.19478402607987,4592.651181744091,24.455012224938876,672.2101874490628,5.633292583537083,2.9138956805215974,2.7443357783211084,98.17249388753056,180.87815810920947,83.87571312143439,662.0845267202235,270.3988822913028,10065.781581092095,45.0,45059.0,Laurens,45059.0,34.48244419000002,-82.00490796,51.58620689655172,2.5517241379310347,0.0,49.03448275862069,96.30628361459705,6.153846153846153,Laurens,50.0,45.0,59.0,6.0,9.0,7005.196172248804,3393.4736842105262,3611.7224880382773,2471.0813397129186,2575.904306220096,847.1483253588517,958.2392344497607,11.224880382775119,12.61244019138756,13.54066985645933,16.31578947368421,5.22488038277512,3.339712918660287,45.25358851674641,45.311004784689,2512.468899521531,2616.717703349282,877.3492822966507,988.066985645933,24.3444976076555,25.645933014354068,19.483253588516746,23.08133971291866,6.909090909090909,5.08133971291866,3229.2631578947367,3468.1052631578946,2336.315789473684,2457.9904306220096,830.7081339712919,943.0526315789474,7.186602870813397,9.167464114832535,11.645933014354068,14.794258373205741,1.9425837320574162,1.5980861244019138,41.464114832535884,41.50239234449761,2374.267942583732,2495.464114832536,858.4976076555024,970.6124401913876,19.033492822966508,20.842105263157894,16.928229665071772,20.870813397129186,3.38755980861244,3.1291866028708135,164.21052631578948,143.61722488038276,134.76555023923444,117.91387559808612,16.440191387559807,15.186602870813397,4.038277511961723,3.444976076555024,1.894736842105263,1.5215311004784688,3.2822966507177034,1.7416267942583732,3.789473684210526,3.8086124401913874,138.20095693779905,121.2535885167464,18.851674641148325,17.454545454545453,5.311004784688995,4.803827751196172,2.555023923444976,2.210526315789474,3.521531100478469,1.9521531100478469
Lee,57.75984698214792,5939.466562765656,15.746387078492491,571.5289033720601,3.6803627089827144,1.8984131482006235,2.1486256729951827,89.32629640124681,118.97492207424199,80.5476055539813,623.8078090228606,268.34938296581026,19209.186931013555,45.0,45061.0,Lee,45061.0,34.16393090999998,-80.25690731000002,137.9655172413793,10.482758620689655,0.0,127.48275862068965,1259.8050867601614,7.547169811320754,Lee,50.0,45.0,61.0,6.0,9.0,1928.5071770334928,996.1913875598086,932.3157894736842,344.7081339712919,312.63157894736844,636.6698564593302,602.6794258373205,4.095693779904306,2.8708133971291865,4.0,3.2535885167464116,0.21052631578947367,0.2583732057416268,6.507177033492823,10.62200956937799,350.2105263157895,320.8038277511962,640.1913875598086,609.3014354066986,6.344497607655502,7.052631578947368,5.244019138755981,5.483253588516747,0.8995215311004785,1.3301435406698565,972.4306220095693,915.2918660287081,327.2248803827751,302.3732057416268,632.3923444976076,598.0574162679426,3.5311004784688995,1.9617224880382775,3.84688995215311,3.1578947368421053,0.10526315789473684,0.21052631578947367,5.330143540669856,9.5311004784689,331.6267942583732,309.60765550239233,635.5406698564593,604.1818181818181,5.37799043062201,5.626794258373206,4.899521531100478,5.186602870813397,0.45933014354066987,1.1483253588516746,23.760765550239235,17.023923444976077,17.483253588516746,10.258373205741627,4.277511961722488,4.62200956937799,0.5645933014354066,0.9090909090909091,0.15311004784688995,0.09569377990430622,0.10526315789473684,0.04784688995215311,1.1770334928229664,1.0909090909090908,18.583732057416267,11.196172248803828,4.650717703349282,5.119617224880383,0.9665071770334929,1.4258373205741626,0.3444976076555024,0.2966507177033493,0.44019138755980863,0.18181818181818182
Lexington,184.26284669963448,3834.722633125493,56.06883824267182,760.0421343080341,13.717429943381351,6.4516161398982295,5.0336558446212285,75.07125349387229,352.90531785279154,86.49046799971332,712.5839092463474,258.1257998791863,9237.817571234042,45.0,45063.0,Lexington,45063.0,33.89665987,-81.27146425999995,500.0689655172414,24.93103448275862,0.0,475.13793103448273,199.8326359832636,5.527638190954773,Lexington,50.0,45.0,63.0,6.0,9.0,28986.373205741627,14136.564593301435,14849.80861244019,11511.35885167464,11953.607655502392,2039.8277511961724,2294.7464114832537,84.58373205741627,68.7177033492823,236.55502392344496,271.6555023923445,19.167464114832537,10.92822966507177,245.07177033492823,250.1531100478469,11734.162679425837,12179.157894736842,2174.1052631578946,2437.511961722488,172.97607655502392,155.99043062200957,289.6842105263158,326.79425837320576,28.966507177033492,19.99043062200957,13218.794258373206,14102.755980861244,10735.511961722488,11320.736842105263,1963.8277511961724,2230.7942583732056,55.110047846889955,49.942583732057415,230.32535885167465,265.33971291866027,14.248803827751196,7.4066985645933014,219.77033492822966,228.5358851674641,10936.143540669857,11527.464114832535,2085.4354066985647,2361.8564593301435,131.0909090909091,127.30143540669856,278.39234449760767,316.25837320574163,22.19138755980861,15.349282296650717,917.7703349282297,747.0526315789474,775.8468899521531,632.8708133971292,76.0,63.952153110047846,29.473684210526315,18.77511961722488,6.229665071770335,6.315789473684211,4.91866028708134,3.521531100478469,25.301435406698566,21.617224880382775,798.0191387559809,651.6937799043062,88.66985645933015,75.6555023923445,41.88516746411483,28.688995215311003,11.291866028708133,10.535885167464114,6.77511961722488,4.641148325358851
Marion,72.3290465631929,4357.283074648928,19.2339985218034,650.5779009608278,5.068292682926829,2.514929785661493,2.8148558758314857,103.30421286031041,162.7509977827051,81.90509977827051,654.3221412733608,266.4381797064724,10214.513778904024,45.0,45067.0,Marion,45067.0,34.07859747999999,-79.36400756000008,51.58620689655172,3.5172413793103448,0.0,48.06896551724138,221.80904850441985,7.352941176470589,Marion,50.0,45.0,67.0,6.0,9.0,3389.215311004785,1554.0574162679425,1835.157894736842,666.3062200956938,722.9282296650717,848.2296650717703,1068.2775119617224,10.133971291866029,10.947368421052632,9.741626794258373,11.894736842105264,0.5645933014354066,0.0,19.08133971291866,21.11004784688995,681.8181818181819,739.6937799043062,860.7368421052631,1081.799043062201,16.77511961722488,18.88995215311005,13.138755980861244,15.84688995215311,2.047846889952153,1.4258373205741626,1505.2822966507176,1795.2057416267942,631.5023923444976,698.4114832535885,839.023923444976,1058.0765550239234,8.047846889952153,8.794258373205741,9.636363636363637,11.464114832535886,0.24880382775119617,0.0,16.822966507177032,18.45933014354067,645.1961722488038,712.88995215311,850.2392344497607,1070.153110047847,13.751196172248804,15.607655502392344,12.555023923444976,14.89952153110048,1.4641148325358853,1.1961722488038278,48.77511961722488,39.952153110047846,34.803827751196174,24.516746411483254,9.205741626794259,10.200956937799043,2.0861244019138754,2.15311004784689,0.10526315789473684,0.430622009569378,0.3157894736842105,0.0,2.2583732057416266,2.650717703349282,36.622009569377994,26.803827751196174,10.497607655502392,11.645933014354068,3.0239234449760763,3.2822966507177034,0.583732057416268,0.9473684210526315,0.583732057416268,0.22966507177033493
Marlboro,54.1624872579001,4236.58990825688,14.737410805300714,546.5414882772681,3.687971457696228,1.6927624872579001,1.6664627930682976,90.39194699286442,126.12028542303771,76.49378185524975,597.5115771079073,261.2836755497306,8859.225425950197,45.0,45069.0,Marlboro,45069.0,34.59905576999998,-79.67561152000003,78.3103448275862,0.3103448275862069,0.0,78.0,570.4877862010874,0.0,Marlboro,50.0,45.0,69.0,6.0,9.0,2940.4114832535884,1551.4066985645934,1389.0047846889952,646.9856459330143,585.7416267942584,800.7368421052631,704.4784688995215,71.30143540669856,67.82775119617224,5.2727272727272725,5.033492822966507,0.6411483253588517,0.37320574162679426,26.4688995215311,25.550239234449762,670.1052631578947,607.6746411483253,814.4401913875598,717.8755980861245,84.43062200956938,80.48803827751196,7.913875598086125,8.114832535885167,1.8564593301435406,1.645933014354067,1477.9234449760766,1371.5406698564593,590.8133971291866,576.4976076555024,791.4162679425838,700.8612440191388,65.38755980861244,64.42105263157895,5.157894736842105,5.033492822966507,0.15311004784688995,0.11483253588516747,24.995215311004785,24.61244019138756,612.6411483253588,597.6267942583733,804.3253588516747,713.7416267942584,77.88516746411483,76.65071770334929,7.6650717703349285,8.009569377990431,1.215311004784689,1.3397129186602872,73.48325358851675,17.464114832535884,56.17224880382775,9.24401913875598,9.320574162679426,3.617224880382775,5.913875598086125,3.4066985645933014,0.11483253588516747,0.0,0.4880382775119617,0.2583732057416268,1.4736842105263157,0.937799043062201,57.464114832535884,10.047846889952153,10.114832535885167,4.133971291866029,6.545454545454546,3.8373205741626792,0.24880382775119617,0.10526315789473684,0.6411483253588517,0.3062200956937799
McCormick,77.92948717948718,4752.670512820513,26.721611721611723,482.9327838827839,4.1571428571428575,1.8203296703296703,2.2794871794871794,64.88553113553114,183.62967032967032,85.71300366300366,572.2749869178441,239.32940868655155,12127.076138147566,45.0,45065.0,McCormick,45065.0,33.90161443,-82.30794338000001,7.172413793103448,1.0,0.0,6.172413793103448,84.53978653703898,12.5,McCormick,50.0,45.0,65.0,6.0,9.0,1038.5741626794259,564.6794258373205,473.89473684210526,275.9617224880383,241.0334928229665,280.10526315789474,224.44976076555025,1.014354066985646,0.3349282296650718,1.6555023923444976,2.507177033492823,0.6220095693779905,0.10526315789473684,5.320574162679426,5.464114832535885,280.8133971291866,245.71291866028707,283.0717703349282,227.85645933014354,2.9952153110047846,2.229665071770335,2.401913875598086,3.416267942583732,0.8133971291866029,0.27751196172248804,557.11004784689,470.1244019138756,270.688995215311,238.36363636363637,279.1866028708134,223.45454545454547,0.6985645933014354,0.3349282296650718,1.6555023923444976,2.401913875598086,0.3062200956937799,0.10526315789473684,4.574162679425838,5.464114832535885,274.9377990430622,243.04306220095694,281.6555023923445,226.86124401913875,2.4210526315789473,2.229665071770335,2.248803827751196,3.311004784688995,0.4880382775119617,0.27751196172248804,7.569377990430622,3.770334928229665,5.2727272727272725,2.6698564593301435,0.9186602870813397,0.9952153110047847,0.3157894736842105,0.0,0.0,0.10526315789473684,0.3157894736842105,0.0,0.7464114832535885,0.0,5.875598086124402,2.6698564593301435,1.4162679425837321,0.9952153110047847,0.5741626794258373,0.0,0.15311004784688995,0.10526315789473684,0.3253588516746411,0.0
Newberry,101.5467525496511,3934.261352657005,25.605904455179818,689.3167471819646,8.695705850778314,3.7030059044551797,2.752066559312936,112.67842190016103,208.2820182501342,80.48770799785292,667.0016869871943,277.5675178283874,9913.230197070778,45.0,45071.0,Newberry,45071.0,34.28629098,-81.59935760999998,35.724137931034484,1.0,0.0,34.724137931034484,143.08012486992715,1.818181818181818,Newberry,50.0,45.0,71.0,6.0,9.0,3975.8373205741627,1938.6124401913876,2037.2248803827752,1275.5406698564593,1333.7224880382776,599.4162679425838,650.9952153110048,17.291866028708135,13.425837320574162,12.296650717703349,10.287081339712918,7.282296650717703,4.583732057416268,26.784688995215312,24.210526315789473,1300.0,1355.933014354067,617.9808612440191,668.133971291866,25.23444976076555,19.607655502392344,15.157894736842104,12.937799043062201,8.220095693779903,5.473684210526316,1784.1913875598086,1904.1435406698565,1163.3205741626793,1234.6602870813397,581.8564593301436,634.7368421052631,5.732057416267943,5.827751196172249,10.133971291866029,8.75598086124402,1.4354066985645932,0.0,21.71291866028708,20.16267942583732,1183.11004784689,1253.0622009569379,597.5119617224881,649.5119617224881,11.617224880382775,10.526315789473685,12.220095693779903,10.861244019138756,2.076555023923445,0.7464114832535885,154.42105263157896,133.08133971291866,112.22009569377991,99.0622009569378,17.559808612440193,16.258373205741627,11.559808612440191,7.598086124401914,2.1626794258373208,1.5311004784688995,5.84688995215311,4.583732057416268,5.07177033492823,4.047846889952153,116.88995215311004,102.87081339712918,20.4688995215311,18.62200956937799,13.617224880382775,9.08133971291866,2.937799043062201,2.076555023923445,6.143540669856459,4.7272727272727275
Oconee,110.63584905660377,4301.147369925672,30.671698113207547,669.2682961692395,7.870383076043454,3.686763865065752,3.2204116638078903,99.10057175528874,228.40400228702114,81.96881074899943,651.3791554357592,286.65784529935473,10504.607326635629,45.0,45073.0,Oconee,45073.0,34.75225168999999,-83.06742317,38.6551724137931,0.0,0.0,38.6551724137931,62.85671183969025,0.0,Oconee,50.0,45.0,73.0,6.0,9.0,7943.177033492823,3916.497607655502,4026.6794258373207,3520.803827751196,3601.5789473684213,296.488038277512,313.1004784688995,12.277511961722489,12.4688995215311,27.559808612440193,32.8421052631579,1.4162679425837321,0.7655502392344498,57.952153110047846,65.92344497607655,3573.732057416268,3661.3014354066986,330.7368421052632,353.09090909090907,31.913875598086126,34.07655502392345,35.90430622009569,42.61244019138756,4.181818181818182,3.54066985645933,3709.598086124402,3842.248803827751,3336.6315789473683,3436.5454545454545,286.64114832535887,305.86602870813397,8.5933014354067,9.52153110047847,25.607655502392344,30.727272727272727,0.8421052631578947,0.4019138755980861,51.282296650717704,59.186602870813395,3383.5885167464116,3490.2775119617227,317.67464114832535,342.38277511961724,25.205741626794257,28.4688995215311,32.708133971291865,39.25358851674641,3.0526315789473686,2.784688995215311,206.89952153110048,184.4306220095694,184.17224880382776,165.0334928229665,9.84688995215311,7.23444976076555,3.6842105263157894,2.9473684210526314,1.9521531100478469,2.1148325358851676,0.5741626794258373,0.36363636363636365,6.669856459330144,6.7368421052631575,190.14354066985646,171.02392344497608,13.062200956937799,10.708133971291867,6.708133971291866,5.607655502392345,3.1961722488038276,3.3588516746411483,1.1291866028708133,0.7559808612440191
Orangeburg,73.35497602724381,4808.623426087735,21.51171752475691,544.9715015459067,4.516646502666129,2.231034637272035,2.342944840256307,86.04357664560649,169.13590536362415,80.35558094725994,610.5816127276802,269.47988091808315,11236.846666026442,45.0,45075.0,Orangeburg,45075.0,33.43910730000002,-80.79886287,114.3103448275862,2.103448275862069,0.0,112.20689655172414,194.95213228894693,1.7857142857142858,Orangeburg,50.0,45.0,75.0,6.0,9.0,9506.277511961722,4460.0,5046.277511961723,1608.622009569378,1697.5406698564593,2726.133971291866,3209.2057416267944,27.760765550239235,30.784688995215312,40.79425837320574,45.98086124401914,0.8995215311004785,1.4162679425837321,55.78947368421053,61.34928229665072,1653.8947368421052,1746.2870813397128,2758.602870813397,3247.665071770335,51.8755980861244,55.4066985645933,50.1244019138756,57.119617224880386,4.15311004784689,5.033492822966507,4355.598086124402,4957.923444976077,1543.2631578947369,1640.3253588516745,2698.909090909091,3188.267942583732,24.14354066985646,27.84688995215311,40.248803827751196,44.85167464114833,0.5263157894736842,1.38755980861244,48.50717703349282,55.24401913875598,1582.5167464114832,1683.933014354067,2727.799043062201,3223.55980861244,44.58373205741627,49.81818181818182,48.18181818181818,54.698564593301434,3.4832535885167464,4.679425837320574,104.40191387559808,88.35406698564593,65.35885167464114,57.21531100478469,27.22488038277512,20.9377990430622,3.617224880382775,2.937799043062201,0.5454545454545454,1.1291866028708133,0.37320574162679426,0.028708133971291867,7.282296650717703,6.105263157894737,71.377990430622,62.354066985645936,30.803827751196174,24.105263157894736,7.291866028708134,5.588516746411483,1.9425837320574162,2.4210526315789473,0.6698564593301436,0.35406698564593303
Pickens,129.3415401911186,4327.86143901068,36.53724939104366,634.6150833801761,9.178827056398726,4.069608394228967,3.8361251639497844,103.33039160577103,288.56089563425144,80.26882143526326,648.6239192697877,289.6257394469873,10100.076153001954,45.0,45077.0,Pickens,45077.0,34.88807695000002,-82.72791551,89.41379310344827,2.0689655172413794,0.0,87.34482758620689,108.76075785757071,2.1739130434782608,Pickens,50.0,45.0,77.0,6.0,9.0,12730.708133971291,6352.181818181818,6378.526315789473,5678.153110047847,5731.301435406698,423.98086124401914,436.0956937799043,17.779904306220097,14.14354066985646,133.52153110047846,99.5311004784689,1.4832535885167464,1.5406698564593302,97.26315789473684,95.91387559808612,5768.267942583732,5820.478468899521,474.35406698564594,488.17224880382776,50.10526315789474,43.52153110047847,155.26315789473685,120.51674641148325,4.708133971291866,4.373205741626794,6113.186602870814,6188.832535885167,5464.459330143541,5562.574162679426,415.0717703349282,428.2105263157895,12.880382775119617,10.631578947368421,131.6937799043062,96.86124401913875,0.9473684210526315,1.215311004784689,88.13397129186603,89.33971291866028,5546.354066985646,5645.923444976077,460.8612440191388,476.9856459330144,41.39712918660287,37.51196172248804,151.5311004784689,116.4688995215311,3.4354066985645932,3.6555023923444976,238.99521531100478,189.6937799043062,213.6937799043062,168.72727272727272,8.909090909090908,7.885167464114833,4.899521531100478,3.511961722488038,1.8277511961722488,2.6698564593301435,0.5358851674641149,0.3253588516746411,9.129186602870814,6.574162679425838,221.91387559808612,174.55502392344496,13.492822966507177,11.186602870813397,8.708133971291867,6.009569377990431,3.7320574162679425,4.047846889952153,1.2727272727272727,0.7177033492822966
Richland,141.3866334798496,7064.758221680877,45.86559868664937,539.3988878885771,8.515643700683155,3.9622782396864906,3.6979346502144788,70.72520785892073,353.3623894508288,77.71589260181115,595.8316793488949,266.7638079966114,12483.24349121825,45.0,45079.0,Richland,45079.0,34.017912629999984,-80.90267208999997,1191.448275862069,56.41379310344828,0.0,1135.0344827586207,351.4055017450013,4.517453798767967,Richland,50.0,45.0,79.0,6.0,9.0,41866.16267942584,20328.88995215311,21537.272727272728,10011.349282296651,9925.196172248803,9240.842105263158,10491.799043062201,85.13875598086125,75.22488038277513,546.5263157894736,557.2535885167464,30.43062200956938,29.416267942583733,414.60287081339715,458.38277511961724,10348.133971291865,10285.626794258373,9506.794258373206,10794.153110047846,201.3684210526316,217.79904306220095,680.3253588516747,702.066985645933,56.32535885167464,56.79425837320574,19222.153110047846,20568.736842105263,9196.602870813396,9247.54066985646,9053.483253588516,10295.741626794259,53.119617224880386,53.645933014354064,533.4928229665072,545.8947368421053,21.0622009569378,21.70334928229665,364.39234449760767,404.2105263157895,9491.913875598086,9564.918660287081,9288.133971291865,10562.248803827752,150.04784688995215,174.70813397129186,652.4976076555024,675.4258373205741,42.60287081339713,44.985645933014354,1106.7368421052631,968.5358851674641,814.7464114832536,677.6555023923445,187.35885167464116,196.05741626794259,32.01913875598086,21.57894736842105,13.033492822966506,11.358851674641148,9.368421052631579,7.712918660287081,50.21052631578947,54.17224880382775,856.2200956937799,720.7081339712919,218.6602870813397,231.9043062200957,51.32057416267943,43.09090909090909,27.827751196172247,26.641148325358852,13.722488038277511,11.808612440191387
Saluda,94.0606188466948,6171.161744022504,24.482137834036568,608.6278481012658,6.544725738396624,3.177496483825598,2.90253164556962,113.84950773558369,195.06736990154712,76.98691983122363,630.3905967450271,276.87924452481417,10579.968053044002,45.0,45081.0,Saluda,45081.0,34.00795822999999,-81.72713237,104.58620689655173,0.034482758620689655,0.0,104.55172413793103,693.5964440971035,0.7042253521126759,Saluda,50.0,45.0,81.0,6.0,9.0,2113.9808612440193,1066.248803827751,1047.732057416268,748.7177033492823,721.2918660287081,273.2631578947368,289.49282296650716,16.057416267942585,12.956937799043063,2.6315789473684212,3.2057416267942584,13.339712918660288,8.15311004784689,12.239234449760765,12.631578947368421,759.4066985645933,732.1435406698564,280.9377990430622,297.5693779904306,20.13397129186603,17.23444976076555,4.803827751196172,5.416267942583732,13.904306220095695,8.650717703349283,876.6028708133971,920.4306220095693,603.9425837320574,623.1387559808612,256.8325358851675,281.24401913875596,2.7942583732057416,2.9282296650717705,1.9138755980861244,2.6315789473684212,0.9090909090909091,0.3157894736842105,10.210526315789474,10.17224880382775,612.8229665071771,631.8373205741627,263.35885167464113,288.0861244019139,6.095693779904306,6.248803827751196,3.550239234449761,4.162679425837321,1.4066985645933014,0.7464114832535885,189.64593301435406,127.30143540669856,144.77511961722487,98.1531100478469,16.43062200956938,8.248803827751196,13.263157894736842,10.028708133971293,0.7177033492822966,0.5741626794258373,12.430622009569378,7.837320574162679,2.028708133971292,2.45933014354067,146.58373205741626,100.30622009569377,17.57894736842105,9.483253588516746,14.038277511961722,10.985645933014354,1.2535885167464116,1.2535885167464116,12.497607655502392,7.904306220095694
Spartanburg,125.23887365534698,4033.1251423750264,34.600639808760455,662.2120368417352,9.189179497996204,4.217893552696337,4.268417352176053,100.02782113478169,269.1555438374464,81.19109189341208,655.5668183324796,278.4878918452004,10375.45655427326,45.0,45083.0,Spartanburg,45083.0,34.929600769999986,-81.99225984,392.37931034482756,13.89655172413793,0.0,378.48275862068965,173.55410666541582,3.603603603603604,Spartanburg,50.0,45.0,83.0,6.0,9.0,30900.937799043062,14980.488038277512,15920.44976076555,11341.004784688996,11764.966507177034,2991.311004784689,3459.693779904306,68.55502392344498,60.239234449760765,330.688995215311,365.74162679425837,7.368421052631579,9.177033492822966,241.55980861244018,260.63157894736844,11559.397129186604,11997.377990430621,3139.3014354066986,3622.2296650717703,142.1531100478469,140.35406698564594,380.07655502392345,419.8181818181818,17.04306220095694,18.688995215311003,13934.315789473685,15022.076555023923,10432.966507177034,10992.784688995216,2935.043062200957,3403.7416267942585,31.263157894736842,32.143540669856456,318.7081339712919,355.14832535885165,4.842105263157895,5.636363636363637,211.4928229665072,232.62200956937798,10624.698564593302,11200.68899521531,3066.535885167464,3550.5741626794256,91.03349282296651,100.11483253588517,362.6124401913876,403.98086124401914,12.296650717703349,13.511961722488039,1046.1722488038276,898.3732057416267,908.0382775119617,772.1818181818181,56.26794258373206,55.952153110047846,37.291866028708135,28.095693779904305,11.980861244019138,10.5933014354067,2.526315789473684,3.54066985645933,30.066985645933013,28.00956937799043,934.6985645933014,796.688995215311,72.76555023923444,71.6555023923445,51.119617224880386,40.239234449760765,17.464114832535884,15.83732057416268,4.746411483253588,5.177033492822966
Sumter,116.0668430335097,3372.645524691358,34.22522045855379,625.7257936507937,8.12773368606702,3.4836860670194003,4.032671957671957,95.05590828924163,259.670348324515,80.31785714285714,639.8262471655329,284.7155139833711,10273.45420760897,45.0,45085.0,Sumter,45085.0,33.91826533999998,-80.37942316,306.7931034482759,14.827586206896552,0.0,291.9655172413793,342.0132869819436,4.931506849315068,Sumter,50.0,45.0,85.0,6.0,9.0,11295.11004784689,5444.574162679426,5850.535885167464,2773.645933014354,2748.6698564593303,2481.818181818182,2873.1674641148325,26.583732057416267,27.86602870813397,55.311004784689,88.1531100478469,8.220095693779903,5.473684210526316,98.99521531100478,107.20574162679426,2857.8277511961724,2838.095693779904,2537.2535885167463,2933.1674641148325,56.899521531100476,62.63157894736842,88.02870813397129,123.33971291866028,13.320574162679426,11.004784688995215,5222.047846889952,5664.966507177033,2606.1626794258373,2613.5885167464116,2451.55980861244,2843.1004784688994,17.37799043062201,22.220095693779903,51.74162679425837,85.58851674641149,6.650717703349282,4.526315789473684,88.55502392344498,95.94258373205741,2681.2057416267944,2693.751196172249,2501.5789473684213,2896.870813397129,42.995215311004785,51.97129186602871,81.50239234449761,117.74162679425838,10.966507177033494,9.167464114832535,222.52631578947367,185.5693779904306,167.48325358851676,135.08133971291866,30.258373205741627,30.066985645933013,9.205741626794259,5.645933014354067,3.569377990430622,2.5645933014354068,1.569377990430622,0.9473684210526315,10.440191387559809,11.263157894736842,176.62200956937798,144.3444976076555,35.67464114832536,36.29665071770335,13.904306220095695,10.660287081339712,6.526315789473684,5.598086124401914,2.354066985645933,1.8373205741626795
Union,72.17367941712205,3969.3433515482698,16.659471766848817,707.5572859744991,5.277049180327869,2.460655737704918,2.9145719489981783,139.48706739526412,141.9016393442623,78.99854280510019,676.6895654436638,314.45394223263077,9468.965261514442,45.0,45087.0,Union,45087.0,34.68835751999998,-81.61730349,30.24137931034483,0.0,0.0,30.24137931034483,131.7908917850344,0.0,Union,50.0,45.0,87.0,6.0,9.0,2966.0,1411.8277511961724,1554.1722488038276,941.6363636363636,1024.6507177033493,439.3492822966507,498.4688995215311,5.282296650717703,2.8229665071770333,4.162679425837321,4.8708133971291865,0.8516746411483254,0.6220095693779905,20.545454545454547,22.736842105263158,960.5645933014354,1045.2822966507176,455.1291866028708,516.1244019138755,9.598086124401913,7.741626794258373,5.971291866028708,7.0047846889952154,1.4736842105263157,1.263157894736842,1392.688995215311,1536.9473684210527,928.6028708133971,1013.444976076555,435.1674641148325,494.13397129186603,4.631578947368421,2.5454545454545454,4.095693779904306,4.76555023923445,0.6220095693779905,0.6220095693779905,19.56937799043062,21.435406698564595,946.6124401913876,1032.8612440191387,450.2200956937799,510.94736842105266,8.708133971291867,7.062200956937799,5.856459330143541,6.755980861244019,1.2057416267942584,1.1961722488038278,19.138755980861244,17.22488038277512,13.033492822966506,11.205741626794259,4.181818181818182,4.3349282296650715,0.6507177033492823,0.27751196172248804,0.06698564593301436,0.10526315789473684,0.22966507177033493,0.0,0.9760765550239234,1.3014354066985645,13.952153110047847,12.421052631578947,4.909090909090909,5.177033492822966,0.8899521531100478,0.6794258373205742,0.11483253588516747,0.24880382775119617,0.2679425837320574,0.06698564593301436
Williamsburg,74.76261089987325,5029.752978453739,18.772179974651458,578.712927756654,5.351647655259822,2.3124207858048162,2.6420152091254754,109.53599493029151,161.44942965779467,78.17141951837769,615.853340575774,291.26290059750136,11119.750135795763,45.0,45089.0,Williamsburg,45089.0,33.62190128999999,-79.72767442000001,160.41379310344828,7.896551724137931,0.0,152.51724137931035,754.0832455216017,5.240174672489083,Williamsburg,50.0,45.0,89.0,6.0,9.0,3472.6411483253587,1682.2296650717703,1790.4114832535886,574.0191387559809,562.4401913875598,1076.7464114832535,1199.1961722488038,8.076555023923445,6.057416267942584,9.397129186602871,8.392344497607656,0.5741626794258373,0.12440191387559808,13.416267942583731,14.200956937799043,585.4545454545455,573.9904306220096,1085.3492822966507,1208.8133971291866,12.488038277511961,11.291866028708133,11.636363636363637,10.421052631578947,1.186602870813397,0.7559808612440191,1623.1866028708134,1773.8947368421052,530.6411483253588,553.866028708134,1066.688995215311,1192.7655502392345,5.215311004784689,5.770334928229665,9.253588516746412,8.17224880382775,0.24880382775119617,0.12440191387559808,11.138755980861244,13.196172248803828,540.2296650717703,564.7272727272727,1073.9808612440193,1201.6937799043062,8.803827751196172,10.61244019138756,10.880382775119617,9.971291866028707,0.6889952153110048,0.6411483253588517,59.04306220095694,16.516746411483254,43.377990430622006,8.574162679425838,10.057416267942584,6.430622009569378,2.861244019138756,0.28708133971291866,0.14354066985645933,0.22009569377990432,0.3253588516746411,0.0,2.277511961722488,1.0047846889952152,45.22488038277512,9.263157894736842,11.368421052631579,7.119617224880383,3.6842105263157894,0.6794258373205742,0.7559808612440191,0.44976076555023925,0.49760765550239233,0.11483253588516747
York,265.4970637298291,3330.0789984339895,89.26514945189624,769.3687359569687,15.702670729216313,7.101663035337373,5.446091781847893,63.8544716415878,561.1780401034929,89.14239633689658,714.3209513271646,256.4671522196418,9199.046277494741,45.0,45091.0,York,45091.0,34.97281496999997,-81.18085943999996,283.7586206896552,5.0,0.0,278.7586206896552,137.02091615387627,1.818181818181818,York,50.0,45.0,91.0,6.0,9.0,25597.358851674642,12347.55023923445,13249.80861244019,9497.157894736842,9963.129186602871,2273.7224880382773,2668.8612440191387,116.7846889952153,112.36363636363636,217.27272727272728,248.6315789473684,11.502392344497608,10.516746411483254,231.11004784688996,246.3062200956938,9709.148325358852,10186.382775119617,2407.751196172249,2811.626794258373,190.92822966507177,196.29665071770336,265.61722488038276,300.6507177033493,19.205741626794257,18.14354066985646,11703.655502392345,12628.956937799043,8948.736842105263,9438.373205741627,2230.803827751196,2620.9856459330144,95.77033492822966,95.71291866028709,213.17703349282297,243.2153110047847,4.650717703349282,5.330143540669856,210.51674641148324,225.3397129186603,9142.200956937799,9643.071770334927,2354.4114832535884,2752.334928229665,160.3732057416268,170.2200956937799,257.7224880382775,291.1578947368421,11.224880382775119,11.885167464114833,643.8947368421053,620.8516746411483,548.421052631579,524.755980861244,42.91866028708134,47.8755980861244,21.014354066985646,16.650717703349283,4.095693779904306,5.416267942583732,6.851674641148326,5.186602870813397,20.593301435406698,20.966507177033492,566.9473684210526,543.311004784689,53.33971291866029,59.291866028708135,30.555023923444978,26.076555023923444,7.894736842105263,9.492822966507177,7.980861244019139,6.258373205741627
